Fecha;LU0108940692;LU0102011102;LU0128497707;LU0395207615;FR0010875237;SP500_Close
2020-05-04;1162,1601;101,6744;145,4187;101,79;1033,6;2842,74
2020-05-05;1162,1749;101,679;145,4273;101,81;1033,54;2868,44
2020-05-06;1162,2046;101,6836;145,458;101,83;1033,49;2848,42
2020-05-07;1162,1829;101,6948;145,463;101,84;1033,46;2881,19
2020-05-08;1162,2332;101,6979;145,4794;101,85;1033,41;2929,8
2020-05-11;1162,253;101,6999;145,5128;101,86;1033,38;2930,19
2020-05-12;1162,321;101,7018;145,5343;101,87;1033,37;2870,12
2020-05-13;1162,3394;101,7042;145,5649;101,88;1033,35;2820,0
2020-05-14;1162,2328;101,7103;145,5744;101,89;1033,32;2852,5
2020-05-15;1162,2381;101,7123;145,5722;101,91;1033,29;2863,7
2020-05-18;1162,254;101,7141;145,633;101,9;1033,27;2953,91
2020-05-19;1162,274;101,7168;145,6456;101,92;1033,278998963104;2922,94
2020-05-20;1162,2987;101,7257;145,6629;101,93;1033,25;2971,61
2020-05-21;1162,3358;101,7277;145,6754;101,95;1033,26;2948,51
2020-05-22;1162,3563;101,7299;145,686;101,95;1033,24;2955,45
2020-05-25;1162,3377;101,7325;145,6948;101,95;1033,22;2955,45
2020-05-26;1162,3488;101,7403;145,7042;101,96;1033,21;2991,77
2020-05-27;1162,3667;101,7429;145,7107;101,96;1033,22;3036,13
2020-05-28;1162,3691;101,7457;145,7111;101,97;1033,2;3029,73
2020-05-29;1162,3689;101,7478;145,7164;101,97;1033,19;3044,31
2020-06-01;1162,382;101,7497;145,726;101,98;1033,18;3055,73
2020-06-02;1162,3932;101,7557;145,7347;101,98;1033,17;3080,82
2020-06-03;1162,4179;101,7574;145,7338;102,0;1033,16;3122,87
2020-06-04;1162,4352;101,7591;145,7469;102,0;1033,17;3112,35
2020-06-05;1162,4707;101,7612;145,7534;102,0;1033,249404071701;3193,93
2020-06-08;1162,489;101,7816836119274;145,7899701622472;102,0263153072685;1033,15;3232,39
2020-06-09;1162,5256;101,7698;145,7708;102,02;1033,13;3207,18
2020-06-10;1162,5603;101,772;145,7742;102,03;1033,13;3190,14
2020-06-11;1162,5703;101,7738;145,7866;102,03;1033,13;3002,1
2020-06-12;1162,5997;101,7758;145,7856;102,03;1033,087266880188;3041,31
2020-06-15;1162,738641443722;101,7775;145,7905;102,03;1033,1;3066,59
2020-06-16;1162,6398;101,7824;145,7936;102,03;1033,11;3124,74
2020-06-17;1162,6603;101,7838;145,7932;102,03;1033,1;3113,49
2020-06-18;1162,6745;101,785;145,7899;102,04;1033,1;3115,34
2020-06-19;1162,6905;101,7862;145,7895;102,04;1033,09;3097,74
2020-06-22;1162,7015;101,7938;145,7951;102,05;1033,08;3117,86
2020-06-23;1162,7238;101,8096;145,7981;102,06;1033,07;3131,29
2020-06-24;1162,7389;101,8143;145,7978;102,07;1033,09;3050,33
2020-06-25;1162,7572;101,8176;145,8165;102,07;1033,10382842177;3083,76
2020-06-26;1162,7661;101,8304282872805;145,8401216737366;102,0798781183435;1033,09;3009,05
2020-06-29;1162,7741;101,8234;145,8284;102,08;1033,11;3053,24
2020-06-30;1163,229891586575;101,8297321881339;145,8370456349517;102,08;1033,12;3100,29
2020-07-01;1162,7955;101,8316;145,8301;102,09;1033,13;3115,86
2020-07-02;1162,8361;101,8331;145,8584;102,1;1033,13;3130,01
2020-07-03;1162,8268;101,8345;145,8578;102,1;1033,14;3130,01
2020-07-06;1162,8436;101,8401;145,8636;102,1;1033,14;3179,72
2020-07-07;1162,8508;101,8312633989277;145,8660453007906;102,1148629227789;1033,14;3145,32
2020-07-08;1162,8683;101,8519;145,8659;102,1;1033,16;3169,94
2020-07-09;1162,8793;101,8544;145,8613;102,1;1033,18;3152,05
2020-07-10;1162,8792;101,8565;145,8585;102,11;1033,21;3185,04
2020-07-13;1162,8895;101,8586;145,8654;102,11;1033,22;3155,22
2020-07-14;1162,8942;101,8632;145,8678;102,11;1033,24;3197,52
2020-07-15;1162,8966;101,8643;145,8661;102,12;1033,27;3226,56
2020-07-16;1162,9027;101,8652;145,8706;102,12;1033,28;3215,57
2020-07-17;1162,9101;101,8664;145,8747;102,12;1033,28;3224,73
2020-07-20;1162,9226;101,8677;145,879;102,11;1033,28;3251,84
2020-07-21;1162,9419;101,8706;145,875;102,11;1033,29;3257,3
2020-07-22;1162,9518;101,8716;145,8784;102,12;1033,32;3276,02
2020-07-23;1162,9555;101,8725;145,8905;102,13;1033,35;3235,66
2020-07-24;1162,9575;101,8735;145,8949;102,12;1033,37;3215,63
2020-07-27;1162,9703;101,8745;145,8971;102,13;1033,39;3239,41
2020-07-28;1162,972;101,8866339771418;145,8985;102,1378393003573;1033,356180736747;3218,44
2020-07-29;1162,923089694487;101,8788;145,9058289326946;102,13;1033,45;3258,44
2020-07-30;1162,9799;101,8796;145,9082;102,12;1033,48;3246,22
2020-07-31;1162,9905;101,8805;145,9104;102,12;1033,5;3271,12
2020-08-03;1162,992;101,883;145,9156;102,12;1033,53;3294,61
2020-08-04;1162,9999;101,8839;145,9154;102,13;1033,57;3306,51
2020-08-05;1163,0123;101,8846;145,9222;102,13;1033,6;3327,77
2020-08-06;1163,0134;101,8854;145,9218;102,13;1033,61;3349,16
2020-08-07;1163,0253;101,8950843221446;145,9199619113896;102,13;1033,62;3351,28
2020-08-10;1163,0253;101,8884;145,9254;102,14;1033,63;3360,47
2020-08-11;1163,0311;101,8892;145,9273;102,14;1033,64;3333,69
2020-08-12;1163,026;101,8899;145,9345;102,15;1033,66;3380,35
2020-08-13;1163,0331;101,8906;145,9364;102,14;1033,67;3373,43
2020-08-14;1163,0461;101,8915;145,9422;102,15;1033,66;3372,85
2020-08-17;1163,0552;101,8938;145,9411;102,14;1033,68;3381,99
2020-08-18;1163,0861;101,8945;145,937;102,15;1033,68;3389,78
2020-08-19;1163,229633377706;101,8867823708074;145,9464;102,1568543917987;1033,870252348216;3374,85
2020-08-20;1163,311421742758;101,896;145,9724980746144;102,15;1033,69;3385,51
2020-08-21;1163,091;101,8967;145,9566;102,15;1033,68;3397,16
2020-08-24;1163,0905;101,8989;145,9552;102,16;1033,68;3431,28
2020-08-25;1163,0932;101,8995;145,955;102,16;1033,68;3443,62
2020-08-26;1163,0896;101,9;145,9585;102,16;1033,7;3478,73
2020-08-27;1163,0874;101,9006;145,9618;102,16;1033,7;3484,55
2020-08-28;1163,0906;101,9011;145,9657;102,16;1033,68;3508,01
2020-08-31;1163,0824;101,9027;145,9675;102,16;1033,68;3500,31
2020-09-01;1163,0839;101,9032;145,9694;102,16;1033,69;3526,65
2020-09-02;1163,0897;101,9037;145,9717;102,16;1033,69;3580,84
2020-09-03;1163,0942;101,9041;145,9769;102,16;1033,69;3455,06
2020-09-04;1163,0957;101,9046;145,9805;102,16;1033,67;3426,96
2020-09-07;1163,0959;101,9061;145,9824;102,16;1033,67;3426,96
2020-09-08;1163,0948;101,906587;145,9834;102,16;1033,68;3331,84
2020-09-09;1163,0994;101,907;145,9929;102,16;1033,69;3398,96
2020-09-10;1163,0959;101,9074;145,9963;102,16;1033,7;3339,19
2020-09-11;1163,093;101,9079;145,9965;102,16;1033,69;3340,97
2020-09-14;1163,0933;101,9093;145,9879;102,17;1033,69;3383,54
2020-09-15;1163,0988;101,909673;145,9959;102,16;1033,7;3401,2
2020-09-16;1163,0992;101,91;145,9964;102,16;1033,7;3385,49
2020-09-17;1163,0994;101,9103;145,9984;102,16;1033,7;3357,01
2020-09-18;1163,1023;101,910822;145,9997;102,16;1033,69;3319,47
2020-09-21;1163,1028;101,912062;146,0019;102,16;1033,69;3281,06
2020-09-22;1163,1045;101,912461;146,0094;102,16;1033,68;3315,57
2020-09-23;1163,118;101,9129;146,0111;102,17;1033,68;3236,92
2020-09-24;1163,1182;101,913279;146,0071;102,17;1033,68;3246,59
2020-09-25;1163,1176;101,9137;146,0116;102,17;1033,67;3298,46
2020-09-28;1163,12;101,9148;146,0113;102,17;1033,68;3351,6
2020-09-29;1163,1217;101,9195709990485;146,0125;102,17;1033,67;3335,47
2020-09-30;1163,1198;101,9156;146,0146;102,18;1033,66;3363,0
2020-10-01;1163,1214;101,9159;146,0139;102,18;1033,65;3380,8
2020-10-02;1163,1221;101,9163;146,0161;102,18;1033,63;3348,42
2020-10-05;1163,427059755215;101,917473;146,0134;102,18;1033,63;3408,6
2020-10-06;1163,1054;101,917844;146,0134;102,18;1033,62;3360,97
2020-10-07;1163,1034;101,9182;146,0173;102,18;1033,61;3419,44
2020-10-08;1163,1029;101,918592;146,0164;102,18;1033,62;3446,83
2020-10-09;1163,101;101,9249536527475;146,0188;102,18;1033,61;3477,14
2020-10-13;1163,0923;101,9273756866604;146,0508507351786;102,18;1033,61;3511,93
2020-10-14;1163,1097;101,920494;146,018;102,18;1033,61;3488,67
2020-10-15;1163,1069;101,9209;146,0147;102,18;1033,61;3483,34
2020-10-16;1163,1073;101,926073893115;146,0129;102,18;1033,6;3483,81
2020-10-19;1163,1045;101,9216;146,0166;102,18;1033,59;3426,92
2020-10-20;1163,0856;101,9228;146,0191;102,18;1033,59;3443,12
2020-10-21;1163,087;101,923107;146,0211;102,18;1033,59;3435,56
2020-10-22;1163,0901;101,923441;146,025;102,19;1033,59;3453,49
2020-10-23;1163,0873;101,923829;146,0306;102,18;1033,59;3465,39
2020-10-26;1163,0845;101,9241;146,0338;102,18;1033,57;3400,97
2020-10-27;1163,0853;101,9253;146,0393;102,18;1033,57;3390,68
2020-10-28;1163,0829;101,925604;146,0328;102,18;1033,57;3271,03
2020-10-29;1163,0759;101,925941;146,0368;102,18;1033,55;3310,11
2020-10-30;1163,0707;101,926267;146,0379;102,18;1033,55;3269,96
2020-11-02;1163,075;101,9266;146,0417;102,18;1033,52;3310,24
2020-11-03;1163,0777;101,9282;146,0432;102,18;1033,5;3369,16
2020-11-04;1163,0787;101,9287;146,0448;102,18;1033,49;3443,44
2020-11-05;1163,0791;101,9289;146,0398;102,18;1033,49;3510,45
2020-11-06;1163,0807;101,9231786057041;146,0426;102,18;1033,48;3509,44
2020-11-09;1163,0846;101,9305;146,0478;102,18;1033,46;3550,5
2020-11-10;1163,0765;101,9313;146,0499;102,18;1033,45;3545,53
2020-11-11;1163,0768;101,931544;146,0491;102,18;1033,45;3572,66
2020-11-12;1163,0788;101,931742;146,0592;102,18;1033,45;3537,01
2020-11-13;1163,0827;101,93194;146,0597;102,18;1033,44;3585,15
2020-11-16;1163,0865;101,933271;146,0629;102,18;1033,42;3626,91
2020-11-17;1163,0892;101,9312970217512;146,1129187215478;102,19;1033,42;3609,53
2020-11-18;1163,0887;101,9343;146,0568;102,19;1033,42;3567,79
2020-11-19;1163,096;101,9347;146,0552;102,2;1033,43;3581,87
2020-11-20;1163,0955;101,9386095657131;146,0593;102,19;1033,42;3557,54
2020-11-23;1163,0988;101,9365;146,0637;102,19;1033,38;3577,59
2020-11-24;1163,0941;101,9558162841373;146,0657;102,19;1033,38;3635,41
2020-11-25;1163,0912;101,9377;146,0644;102,19;1033,38;3629,65
2020-11-26;1163,0935;101,9378;146,0662;102,2;1033,37;3629,65
2020-11-27;1163,0929;101,938;146,0638;102,2;1033,36;3638,35
2020-11-30;1163,0987;101,9393;146,0667;102,2;1033,34;3621,63
2020-12-01;1163,096;101,9403;146,0665;102,2;1033,34;3662,45
2020-12-02;1163,099;101,9407;146,0644;102,2;1033,34;3669,01
2020-12-03;1163,0923;101,9409;146,0659;102,2;1033,34;3666,72
2020-12-04;1163,0997;101,9412;146,0678;102,2;1033,3;3699,12
2020-12-07;1163,0909;101,9425;146,0658;102,19;1033,26;3691,96
2020-12-09;1163,095;101,9431;146,0722;102,2;1033,26;3672,82
2020-12-10;1163,0972;101,9434;146,0693;102,2;1033,28;3668,1
2020-12-11;1163,1104;101,9436;146,0627;102,2;1033,27;3663,46
2020-12-14;1163,1078;101,9438;146,0682;102,2;1033,27;3647,49
2020-12-15;1163,105;101,9451;146,07;102,2;1033,25;3694,62
2020-12-16;1163,1218;101,9459;146,0701;102,2;1033,24;3701,17
2020-12-17;1163,1215;101,9461;146,0695;102,2;1033,24;3722,48
2020-12-18;1163,1207;101,9324136923944;146,0669341992012;102,2;1033,24;3709,41
2020-12-21;1163,1279;101,9471;146,067;102,2;1033,22;3694,92
2020-12-22;1163,1288;101,9493;146,0713;102,2;1033,19;3687,26
2020-12-23;1163,1324;101,9499;146,069;102,2;1033,17;3690,01
2020-12-24;1163,1324;101,9502;146,0697;102,2;1033,16;3703,06
2020-12-28;1163,1346;101,9505;146,0723;102,2;1033,15;3735,36
2020-12-29;1163,1334;101,9507;146,0708;102,2;1033,14;3727,04
2020-12-30;1163,1399;101,9531;146,0723;102,2;1033,11;3732,04
2020-12-31;1163,1402;101,9548;146,0743;102,2;1033,11;3756,07
2021-01-04;1163,1424;101,955;146,0729;102,2;1033,11;3700,65
2021-01-05;1163,1273;101,9552;146,0782;102,2;1033,1;3726,86
2021-01-07;1163,1296;101,9532494902576;146,0678816253984;102,2;1033,09;3803,79
2021-01-08;1163,1286;101,9557;146,0817;102,2;1033,06;3824,68
2021-01-11;1163,1307;101,9563;146,0719;102,2;1033,05;3799,61
2021-01-12;1163,1416;101,9568;146,0687;102,2;1033,03;3801,19
2021-01-13;1163,1415;101,957;146,0705;102,21;1033,02;3809,84
2021-01-14;1163,1483;101,9572;146,0772;102,2;1033,01;3795,54
2021-01-15;1163,1426;101,9585;146,0837;102,2;1032,98;3768,25
2021-01-18;1163,1517;101,9593;146,079;102,21;1032,97;3768,25
2021-01-19;1163,1647;101,9596;146,0716;102,21;1032,97;3798,91
2021-01-20;1163,1763;101,9598;146,0595;102,21;1032,96;3851,85
2021-01-21;1163,181;101,9601;146,0758;102,21;1032,94;3853,07
2021-01-22;1163,1905;101,9613;146,0791;102,21;1032,91;3841,47
2021-01-25;1163,1769;101,9600371668552;146,0764;102,21;1032,91;3855,36
2021-01-26;1163,1686;101,9625;146,0875;102,21;1032,89;3849,62
2021-01-27;1163,1639;101,9627;146,0871;102,21;1032,88;3750,77
2021-01-28;1163,1735;101,9629;146,0708;102,21;1032,86;3787,38
2021-01-29;1163,1747;101,9642;146,0696;102,21;1032,83;3714,24
2021-02-01;1163,1841;101,9649;146,0814;102,21;1032,83;3773,86
2021-02-02;1163,1897;101,9656;146,0732;102,22;1032,81;3826,31
2021-02-03;1163,1973;101,9659;146,0611;102,22;1032,8;3830,17
2021-02-04;1163,1919;101,9672;146,0734895135603;102,22;1032,78;3871,74
2021-02-05;1163,260484979128;101,9681;146,0806;102,21;1032,75;3886,83
2021-02-08;1163,1927;101,9684;146,0938;102,22;1032,74;3915,59
2021-02-09;1163,1809;101,9686;146,104;102,21;1032,73;3911,23
2021-02-10;1163,1389;101,9697;146,1246;102,21;1032,69;3909,88
2021-02-11;1163,1323;101,9705;146,1259;102,21;1032,67;3916,38
2021-02-12;1163,1372;101,9707;146,127;102,21;1032,66;3934,83
2021-02-15;1163,1173;101,971;146,1285;102,21;1032,64;3934,83
2021-02-16;1163,1174;101,9712;146,1262;102,2;1032,64;3932,59
2021-02-17;1163,1087;101,972;146,1274;102,2;1032,6;3931,33
2021-02-18;1163,1111;101,9726;146,1263;102,2;1032,59;3913,97
2021-02-19;1163,1104;101,9728;146,124;102,2;1032,57;3906,71
2021-02-22;1163,1012;101,973;146,1242;102,2;1032,56;3876,5
2021-02-23;1163,0953;101,9732;146,1267;102,2;1032,54;3881,37
2021-02-24;1163,1032;101,9748;146,1299;102,2;1032,51;3925,43
2021-02-25;1163,106;101,9693702791707;146,1278002689751;102,2;1032,5;3829,34
2021-02-26;1163,1052;101,9768;146,1297;102,2;1032,48;3811,15
2021-03-01;1163,1011;101,977;146,1352;102,2;1032,47;3901,82
2021-03-02;1163,1013;101,9772;146,1334;102,2;1032,47;3870,29
2021-03-03;1163,0978;101,9774;146,1365;102,21;1032,43;3819,72
2021-03-04;1163,095;101,978;146,1376;102,21;1032,41;3768,47
2021-03-05;1163,0947;101,9782;146,1363;102,21;1032,4;3841,94
2021-03-08;1163,0924;101,9784;146,1381;102,21;1032,38;3821,35
2021-03-09;1163,0915;101,9787;146,1401;102,2;1032,37;3875,44
2021-03-10;1163,0882;101,9802;146,1403;102,2;1032,34;3898,81
2021-03-11;1163,0839;101,9813;146,1408;102,2;1032,32;3939,34
2021-03-12;1163,0807;101,9815;146,1434;102,2;1032,31;3943,34
2021-03-15;1163,0808;101,9817;146,1462;102,21;1032,3;3968,94
2021-03-16;1163,0792;101,9819;146,1437;102,2;1032,29;3962,71
2021-03-17;1163,0658;101,9831;146,1451;102,2;1032,25;3974,12
2021-03-18;1163,0637;101,985;146,1481;102,2;1032,24;3915,46
2021-03-19;1163,062;101,9852;146,1458;102,2;1032,23;3913,1
2021-03-22;1163,0588;101,9854;146,1508;102,2;1032,22;3940,59
2021-03-23;1163,0553;101,9856;146,154;102,2;1032,21;3910,52
2021-03-24;1163,0526;101,987;146,1609;102,2;1032,21;3889,14
2021-03-25;1163,0713;101,9925161207885;146,1826341307408;102,2;1032,22;3909,52
2021-03-26;1163,0795;101,9877;146,1543;102,2;1032,19;3974,54
2021-03-29;1163,0758;101,9879;146,153;102,2;1032,17;3971,09
2021-03-30;1163,0834;101,9881;146,1546;102,2;1032,15;3958,55
2021-03-31;1163,068;101,9892;146,157;102,19;1032,11;3972,89
2021-04-01;1163,068;101,9898;146,1581;102,19;1032,09;4019,87
2021-04-05;1163,0665;101,99;146,1577;102,19;1032,07;4077,91
2021-04-06;1163,0374;101,9902;146,1563;102,2;1032,05;4073,94
2021-04-07;1163,0346;101,9904;146,1502;102,19;1032,04;4079,95
2021-04-08;1163,0583;101,9909;146,1457;102,19;1032,0;4097,17
2021-04-09;1163,0509;101,9915;146,1424;102,19;1031,98;4128,8
2021-04-12;1163,0521;101,9918;146,1454;102,19;1031,97;4127,99
2021-04-13;1163,0482;101,992;146,1503;102,2;1031,96;4141,59
2021-04-14;1163,0342;101,9925;146,1497;102,19;1031,94;4124,66
2021-04-15;1163,0299;101,9934;146,1498;102,19;1031,91;4170,42
2021-04-16;1163,0287;101,994;146,149;102,19;1031,89;4185,47
2021-04-19;1163,0255;101,9945;146,1488;102,19;1031,87;4163,26
2021-04-20;1163,0242;101,9947;146,1504;102,19;1031,86;4134,94
2021-04-21;1163,0219;101,9949;146,1516;102,19;1031,85;4173,42
2021-04-22;1163,0234;101,9957;146,1532;102,19;1031,83;4134,98
2021-04-23;1163,0242;101,9963;146,1496;102,19;1031,81;4180,17
2021-04-26;1163,0205;101,9965;146,1513;102,19;1031,79;4187,62
2021-04-27;1163,0262;101,9967;146,151;102,19;1031,78;4186,72
2021-04-28;1163,034;101,9977;146,1503;102,19;1031,76;4183,18
2021-04-29;1163,0291;101,9986;146,1543;102,19;1031,72;4211,47
2021-04-30;1163,0225;101,9992;146,1562;102,19;1031,71;4181,17
2021-05-03;1163,0217;101,9994;146,154;102,19;1031,69;4192,66
2021-05-04;1163,019;101,9996;146,1527;102,19;1031,68;4164,66
2021-05-05;1163,0172;101,9998;146,1563;102,19;1031,67;4167,59
2021-05-06;1163,0189;102,0;146,1602;102,19;1031,64;4201,62
2021-05-07;1163,0212;102,0006;146,16;102,19;1031,63;4232,6
2021-05-10;1163,0191;102,0008;146,1599;102,2;1031,61;4188,43
2021-05-11;1163,0169;102,0011;146,1559;102,19;1031,59;4152,1
2021-05-12;1163,0178;102,002;146,1529;102,19;1031,820435569766;4063,04
2021-05-13;1163,0212;102,003;146,1599;102,19;1031,53;4112,5
2021-05-14;1163,025;102,0032;146,1611;102,2;1031,52;4173,85
2021-05-17;1163,0261;102,0033;146,162;102,19;1031,51;4163,29
2021-05-18;1163,0223;102,004;146,1635;102,19;1031,48;4127,83
2021-05-19;1163,0255;102,0046;146,1619;102,19;1031,45;4115,68
2021-05-20;1163,0252;102,0048;146,1625;102,19;1031,44;4159,12
2021-05-21;1163,0253;102,005;146,1622;102,19;1031,43;4155,86
2021-05-24;1163,0246;102,0051;146,1624;102,19;1031,41;4197,05
2021-05-25;1163,0272;102,006;146,1591;102,19;1031,4;4188,13
2021-05-26;1163,0171;102,0064;146,1594;102,19;1031,38;4195,99
2021-05-27;1163,0178;102,0065;146,16;102,19;1031,37;4200,88
2021-05-28;1163,0165;102,0067;146,1637;102,19;1031,36;4204,11
2021-05-31;1163,0161;102,0068;146,1639;102,19;1031,34;4204,11
2021-06-01;1163,0189;102,0071;146,1616;102,19;1031,3;4202,04
2021-06-02;1163,0119;102,0075;146,1626;102,19;1031,29;4208,12
2021-06-03;1163,012;102,0076;146,1621;102,19;1031,28;4192,85
2021-06-04;1163,011;102,0078;146,1645;102,19;1031,27;4229,89
2021-06-07;1163,0124;102,0085;146,167;102,19;1031,25;4226,52
2021-06-08;1163,0137;102,0095;146,1696;102,19;1031,22;4227,26
2021-06-09;1163,160758855305;102,0099;146,1707;102,19;1031,2;4219,55
2021-06-10;1163,0169;102,0101;146,1715;102,19;1031,19;4239,18
2021-06-11;1163,0167;102,0108;146,1727;102,19;1031,18;4247,44
2021-06-14;1163,019;102,0111;146,1753;102,19;1031,16;4255,15
2021-06-15;1163,0147;102,0119;146,1787;102,19;1031,13;4246,59
2021-06-16;1163,0131;102,014;146,1789;102,19;1031,1;4223,7
2021-06-17;1163,0175;102,0141;146,1771;102,19;1031,09;4221,86
2021-06-18;1163,0187;102,0143;146,1779;102,19;1031,13320234571;4166,45
2021-06-21;1163,0154;102,0488163028502;146,1746181908887;102,2001257971536;1031,07;4224,79
2021-06-22;1163,0168;102,0156;146,1805;102,19;1031,03;4246,44
2021-06-23;1163,0176;102,0161;146,1812;102,19;1031,02;4241,84
2021-06-24;1163,0181;102,0164;146,1825;102,19;1031,0;4266,49
2021-06-25;1163,0198;102,0165;146,1856;102,19;1030,99;4280,7
2021-06-28;1163,0211;102,0167;146,1859;102,19;1030,97;4290,61
2021-06-29;1163,0243;102,0174;146,1862;102,19;1030,92;4291,8
2021-06-30;1163,0266;102,0151300199667;146,2134300332319;102,2125225891981;1030,92;4297,5
2021-07-01;1163,0247;102,0179;146,1887;102,19;1030,91;4319,94
2021-07-02;1163,0233;102,0184;146,1896;102,2;1030,9;4352,34
2021-07-05;1163,023;102,0185;146,1911;102,19;1030,88;4352,34
2021-07-06;1163,0321;102,0186;146,1941;102,19;1030,85;4343,54
2021-07-07;1162,959726997021;102,0208;146,1954643581606;102,19;1030,84;4358,13
2021-07-08;1163,039;102,0223;146,1959;102,19;1030,82;4320,82
2021-07-09;1163,0389;102,0224;146,1947;102,2;1030,81;4369,55
2021-07-12;1163,0378;102,0225;146,1903;102,19;1030,79;4384,63
2021-07-13;1163,0344;102,0228;146,1899;102,19;1030,76;4369,21
2021-07-14;1163,0339;102,0231;146,1922;102,19;1030,75;4374,3
2021-07-15;1163,0331;102,0235;146,1925;102,19;1030,73;4360,03
2021-07-16;1163,0335;102,0235;146,1922;102,2;1030,72;4327,16
2021-07-19;1163,032;102,0237;146,1939;102,19;1030,71;4258,49
2021-07-20;1163,0335;102,0243;146,1933;102,19;1030,67;4323,06
2021-07-21;1163,0336;102,0244;146,1929;102,19;1030,66;4358,69
2021-07-22;1163,0353;102,0244;146,1935;102,19;1030,64;4367,48
2021-07-23;1163,0381;102,0245;146,1923;102,19;1030,63;4411,79
2021-07-26;1163,0409;102,0245;146,1935;102,19;1030,61;4422,3
2021-07-27;1163,0418;102,0255;146,188;102,19;1030,57;4401,46
2021-07-28;1163,0434;102,0256;146,1828;102,19;1030,56;4400,64
2021-07-29;1163,0439;102,0257;146,1834;102,19;1030,54;4419,15
2021-07-30;1163,0401;102,0237798684247;146,2066677580421;102,2041918023747;1030,52;4395,26
2021-08-02;1163,0447;102,0259;146,189;102,19;1030,51;4387,16
2021-08-03;1163,0487;102,0261;146,189;102,19;1030,48;4423,15
2021-08-04;1163,0501;102,0262;146,188;102,19;1030,46;4402,66
2021-08-05;1163,0522;102,0262;146,1881;102,19;1030,45;4429,1
2021-08-06;1163,0542;102,0262;146,1856;102,2;1030,43;4436,52
2021-08-09;1163,0514;102,0262;146,1838;102,19;1030,42;4432,35
2021-08-10;1163,0406;102,0265;146,1883;102,2;1030,39;4436,75
2021-08-11;1163,0494;102,0281120623824;146,1832770482147;102,19;1030,37;4442,41
2021-08-12;1163,0464;102,0266;146,1885;102,19;1030,35;4460,83
2021-08-13;1163,0465;102,0268;146,1904;102,2;1030,35;4468,0
2021-08-16;1163,049;102,0268;146,1891;102,19;1030,33;4479,71
2021-08-17;1163,0503;102,0271;146,1912;102,19;1030,3;4448,08
2021-08-18;1163,0519;102,0272;146,1908;102,19;1030,27;4400,27
2021-08-19;1163,0547;102,0276;146,1904;102,2;1030,231291328374;4405,8
2021-08-20;1163,0535;102,0276;146,1903;102,2;1030,26;4441,67
2021-08-23;1163,0567;102,0277;146,1984;102,19;1030,25;4479,53
2021-08-24;1163,0522;102,0277;146,1996;102,2;1030,22;4486,23
2021-08-25;1163,0516;102,0278;146,2002;102,2;1030,2;4496,19
2021-08-26;1163,0557;102,0278;146,1997;102,2;1030,19;4470,0
2021-08-27;1163,0497;102,028;146,1982;102,2;1030,18;4509,37
2021-08-30;1163,0477;102,028;146,1975;102,19;1030,17;4528,79
2021-08-31;1163,0495;102,0281;146,2023;102,2;1030,13;4522,68
2021-09-01;1163,0506;102,0282;146,2023;102,19;1030,12;4524,09
2021-09-02;1163,0492;102,0283;146,2032;102,2;1030,11;4536,95
2021-09-03;1163,0521;102,0283;146,2055;102,2;1030,1;4535,43
2021-09-06;1163,0529;102,0284;146,2054;102,2;1030,09;4535,43
2021-09-07;1163,0521;102,0284;146,2093;102,2;1030,06;4520,03
2021-09-08;1163,0562;102,0285;146,2111;102,2;1030,04;4514,07
2021-09-09;1163,0593;102,0285;146,2143;102,2;1030,02;4493,28
2021-09-10;1163,0585;102,0286;146,2157;102,2;1030,01;4458,58
2021-09-13;1163,0585;102,0287;146,2187;102,19;1029,99;4468,73
2021-09-14;1163,0549;102,029;146,2179;102,19;1029,96;4443,05
2021-09-15;1163,0519;102,0291;146,2154;102,2;1029,93;4480,7
2021-09-16;1163,0481;102,0293;146,2146;102,19;1029,91;4473,75
2021-09-17;1163,0459;102,0293;146,2173;102,2;1029,9;4432,99
2021-09-20;1163,054;102,0295;146,2186;102,2;1029,87;4357,73
2021-09-21;1163,0642;102,0296;146,2192;102,2;1029,84;4354,19
2021-09-22;1163,0661;102,0297;146,2211;102,2;1029,82;4395,64
2021-09-23;1163,0623;102,0298;146,2219;102,2;1029,81;4448,98
2021-09-24;1163,0624;102,0298;146,2182;102,2;1029,79;4455,48
2021-09-27;1163,0657;102,0298;146,2152;102,2;1029,78;4443,11
2021-09-28;1163,0671;102,03;146,2179;102,2;1029,74;4352,63
2021-09-29;1163,0673;102,0301;146,2181;102,2;1029,73;4359,46
2021-09-30;1163,0598;102,0301;146,2192;102,19;1029,71;4307,54
2021-10-01;1163,0601;102,0301;146,2204;102,2;1029,7;4357,04
2021-10-04;1163,0536;102,0302;146,2205;102,19;1029,67;4300,46
2021-10-05;1163,0579;102,0302;146,2216;102,2;1029,64;4345,72
2021-10-06;1163,095428086873;102,0306;146,2254;102,19;1029,62;4363,55
2021-10-07;1163,0639;102,0308;146,225;102,2;1029,61;4399,76
2021-10-08;1163,0621;102,0308;146,2224;102,2;1029,59;4391,34
2021-10-11;1163,0658;102,0309;146,2247;102,2;1029,58;4361,19
2021-10-13;1163,0685;102,031;146,2279;102,2;1029,54;4363,8
2021-10-14;1163,0688;102,057923852799;146,2121544396274;102,2;1029,52;4438,26
2021-10-15;1163,0701;102,0313;146,2289;102,2;1029,5;4471,37
2021-10-18;1163,0649;102,0313;146,2291;102,2;1029,49;4486,46
2021-10-19;1163,0594;102,0314;146,2272;102,2;1029,47;4519,63
2021-10-20;1163,0622;102,0315;146,2275;102,2;1029,44;4536,19
2021-10-21;1163,0634;102,0316;146,2292;102,2;1029,42;4549,78
2021-10-22;1163,0617;102,0316;146,2281;102,2;1029,41;4544,9
2021-10-25;1163,0584;102,0317;146,23;102,2;1029,4;4566,48
2021-10-26;1163,0579;102,0317;146,2304;102,2;1029,38;4574,79
2021-10-27;1163,0602;102,0317;146,2267;102,2;1029,35;4551,68
2021-10-28;1163,0673;102,0319;146,2292;102,2;1029,33;4596,42
2021-10-29;1163,0702;102,032;146,2322;102,2;1029,32;4605,38
2021-11-02;1163,0695;102,032;146,2336;102,2;1029,31;4630,65
2021-11-03;1163,0627;102,0321;146,234;102,19;1029,28;4660,57
2021-11-04;1163,0371;102,0323;146,2312;102,19;1029,24;4680,06
2021-11-05;1163,0368;102,0324;146,2335;102,2;1029,22;4697,53
2021-11-08;1163,0346;102,0324;146,234;102,19;1029,2;4701,7
2021-11-09;1163,0362;102,0325;146,2346;102,2;1029,18;4685,25
2021-11-10;1163,0243;102,0326;146,2262;102,19;1029,17;4646,71
2021-11-11;1163,0234;102,0327;146,2314;102,19;1029,13;4649,27
2021-11-12;1163,0207;102,0328;146,2331;102,19;1029,11;4682,85
2021-11-15;1163,0193;102,0329;146,2315;102,19;1029,1;4682,8
2021-11-16;1163,0099;102,0329;146,2311;102,18;1029,08;4700,9
2021-11-17;1162,9997;102,033;146,2289;102,18;1029,06;4688,67
2021-11-18;1162,9886;102,0332;146,2302;102,18;1029,04;4704,54
2021-11-19;1162,9756;102,0482663896765;146,2302;102,17;1029,02;4697,96
2021-11-22;1162,9141;102,0333;146,2265;102,16;1028,99;4682,94
2021-11-23;1162,892;102,0334;146,2263;102,16;1028,96;4690,7
2021-11-24;1162,8669;102,0335;146,2253;102,16;1028,95;4701,46
2021-11-25;1162,8579;102,0336;146,2291;102,16;1028,93;4701,46
2021-11-26;1162,8311;102,0337;146,2249;102,14;1028,91;4594,62
2021-11-29;1162,6909;102,0338;146,2238;102,13;1028,88;4655,27
2021-11-30;1162,6803;102,0338;146,2285;102,14;1028,86;4567,0
2021-12-01;1162,6821;102,034;146,2327;102,14;1028,86;4513,04
2021-12-02;1162,6954;102,034;146,2312;102,14;1028,82;4577,1
2021-12-03;1162,7197;102,0341;146,2295;102,14;1028,8;4538,43
2021-12-07;1162,7249;102,0344;146,2298;102,15;1028,79;4686,75
2021-12-09;1162,7247;102,0344;146,2277;102,15;1028,78;4667,45
2021-12-10;1162,6672;102,0346;146,2249;102,14;1028,77;4712,02
2021-12-13;1162,6969;102,0347;146,229;102,13;1028,77;4668,97
2021-12-14;1162,7001;102,0370764429363;146,2044318627415;102,1436098031365;1028,815679913846;4634,09
2021-12-15;1162,7178;102,0349;146,2281;102,14;1028,66;4709,85
2021-12-16;1162,7261;102,0352;146,2322;102,14;1028,68;4668,67
2021-12-17;1162,7385;102,0352;146,2303;102,16;1028,67;4620,64
2021-12-20;1162,8881;102,036;146,2343;102,16;1028,69;4568,02
2021-12-21;1162,897;102,0361;146,2359;102,16;1028,68;4649,23
2021-12-22;1162,9038;102,0371;146,2317;102,15;1028,66;4696,56
2021-12-23;1162,8995;102,0371;146,2313;102,15;1028,66;4725,79
2021-12-24;1162,896;102,0376757664519;146,2096361630357;102,15;1028,821445521757;4725,79
2021-12-27;1162,9025;102,0372;146,2231;102,15;1028,6;4791,19
2021-12-28;1162,9156;102,0374;146,2276;102,15;1028,58;4786,35
2021-12-29;1162,9004;102,0376;146,2248;102,15;1028,52;4793,06
2021-12-30;1162,915;102,0376;146,2225;102,15;1028,51;4778,73
2021-12-31;1162,9295;102,0377;146,2178;102,15;1028,48;4766,18
2022-01-03;1162,9404;102,0381;146,2213;102,16;1028,45;4796,56
2022-01-04;1162,9415;102,0382;146,2229;102,16;1028,44;4793,54
2022-01-05;1162,943;102,0385;146,2086;102,16;1028,4;4700,58
2022-01-07;1162,9413;102,0385;146,213;102,16;1028,38;4677,03
2022-01-10;1162,9451;102,0485868661132;146,2162882167534;102,15;1028,36;4670,29
2022-01-11;1162,9818;102,0396;146,2131;102,16;1028,31;4713,07
2022-01-12;1163,0017;102,0398;146,2187;102,16;1028,24;4726,35
2022-01-13;1163,0145;102,0398;146,2101;102,16;1028,22;4659,03
2022-01-14;1163,0025;102,0399;146,2137;102,16;1028,19;4662,85
2022-01-17;1163,007;102,0401;146,2166;102,15;1028,18;4662,85
2022-01-18;1163,0091;102,0405;146,2335;102,16;1028,17;4577,11
2022-01-19;1163,0233;102,0414;146,2446;102,16;1028,16;4532,76
2022-01-20;1163,0204;102,0418;146,2405;102,16;1028,14;4482,73
2022-01-21;1163,0273;102,0421;146,2356;102,17;1028,14;4397,94
2022-01-24;1163,0379;102,0422;146,244;102,17;1028,12;4410,13
2022-01-25;1163,0292;102,0426;146,258;102,17;1028,09;4356,45
2022-01-26;1163,038;102,0427;146,2586;102,18;1028,07;4349,93
2022-01-27;1163,0341;102,043;146,2528;102,18;1028,05;4326,51
2022-01-28;1163,0094;102,043;146,2513;102,18;1028,03;4431,85
2022-01-31;1162,9912;102,0434;146,2495;102,16;1028,01;4515,55
2022-02-01;1162,944;102,0435;146,2575;102,16;1027,99;4546,54
2022-02-02;1162,9681;102,0436;146,2653;102,16;1027,99;4589,38
2022-02-03;1162,9516;102,0438;146,2845;102,16;1027,98;4477,44
2022-02-04;1162,936;102,0441;146,2876;102,16;1027,96;4500,53
2022-02-07;1162,9261;102,0441;146,289;102,16;1027,94;4483,87
2022-02-08;1162,9367;102,0489749211018;146,2845073041634;102,16;1027,89;4521,54
2022-02-09;1162,985019349134;102,0447;146,2893;102,16;1027,89;4587,18
2022-02-10;1163,074422648946;102,0448;146,2914;102,16;1027,84;4504,08
2022-02-11;1162,9492;102,0449;146,2869;102,16;1027,83;4418,64
2022-02-14;1162,9444;102,0449;146,2895;102,16;1027,84;4401,67
2022-02-15;1162,9587;102,045;146,3026;102,15;1027,79;4471,07
2022-02-16;1163,082460180148;102,0452;146,3066;102,15;1027,77;4475,01
2022-02-17;1162,8401;102,0454;146,3053;102,14;1027,73;4380,26
2022-02-18;1162,8066;102,0454;146,3094;102,13;1027,72;4348,87
2022-02-21;1162,8014;102,0455;146,3094;102,12;1027,7;4348,87
2022-02-22;1162,8109;102,0456;146,3042;102,12;1027,65;4304,76
2022-02-23;1162,8237;102,0466;146,3;102,12;1027,63;4225,5
2022-02-24;1162,8177;102,0466;146,2972;102,12;1027,6;4288,7
2022-02-25;1162,8032;102,0469;146,2975;102,12;1027,59;4384,65
2022-02-28;1162,7982;102,0469;146,3042;102,12;1027,58;4373,94
2022-03-01;1162,801;102,0469;146,3105;102,12;1027,54;4306,26
2022-03-02;1162,8233;102,0509958477168;146,3603619863823;102,12;1027,52;4386,54
2022-03-03;1162,8141;102,0472;146,2992;102,11;1027,51;4363,49
2022-03-04;1162,802;102,0475;146,2954;102,1;1027,49;4328,87
2022-03-07;1162,8058;102,0475;146,3007;102,1;1027,48;4201,09
2022-03-08;1162,8263;102,0475;146,3075;102,1;1027,46;4170,7
2022-03-09;1162,8376;102,0476;146,3078;102,09;1027,45;4277,88
2022-03-10;1162,8343;102,0479;146,304;102,09;1027,42;4259,52
2022-03-11;1162,8259;102,0479;146,2997;102,09;1027,4;4204,31
2022-03-14;1162,8125;102,0479;146,2985;102,08;1027,39;4173,11
2022-03-15;1162,8224;102,0482;146,3019;102,08;1027,34;4262,45
2022-03-16;1162,808;102,0483;146,3102;102,07;1027,31;4357,86
2022-03-17;1162,7906;102,0486;146,3018;102,07;1027,28;4411,67
2022-03-18;1162,7915;102,0489;146,3065;102,07;1027,26;4463,12
2022-03-21;1162,7833;102,0489;146,3111;102,06;1027,24;4461,18
2022-03-22;1162,6791;102,0489;146,3146;102,03;1027,13;4511,61
2022-03-23;1162,627;102,049;146,3094;102,03;1027,02;4456,24
2022-03-24;1162,6435;102,0492;146,3116;102,04;1026,96;4520,16
2022-03-25;1162,6562;102,0495;146,3164;102,04;1026,96;4543,06
2022-03-28;1162,6611;102,0498;146,314;102,05;1026,97;4575,52
2022-03-29;1162,5924;102,0498;146,3162;102,05;1026,95;4631,6
2022-03-30;1162,5979;102,0507;146,2876;102,05;1026,89;4602,45
2022-03-31;1162,6164;102,0509;146,2992;102,05;1026,86;4530,41
2022-04-01;1162,6462;102,051;146,2999;102,06;1026,85;4545,86
2022-04-04;1162,7195;102,051;146,2981;102,06;1026,83;4582,64
2022-04-05;1162,7194;102,051;146,3078;102,06;1026,82;4525,12
2022-04-06;1162,7614;102,0461510119653;146,3078;102,06;1026,81;4481,15
2022-04-07;1162,756;102,0522;146,3038;102,06;1026,76;4500,21
2022-04-08;1162,7547;102,0522;146,3055;102,07;1026,69;4488,28
2022-04-11;1162,8182;102,0522;146,3089;102,06;1026,67;4412,53
2022-04-12;1162,8802;102,0522;146,2947;102,06;1026,54;4397,45
2022-04-13;1162,9466;102,0523;146,2896;102,07;1026,55;4446,59
2022-04-14;1162,9761;102,0524;146,2694;102,08;1026,55;4392,59
2022-04-18;1162,9761;102,0524;146,2616;102,06;1026,6;4391,69
2022-04-19;1162,8492;102,0524;146,2767;102,06;1026,52;4462,21
2022-04-20;1162,8973;102,0524;146,2857;102,05;1026,52;4459,45
2022-04-21;1162,9255;102,0529;146,267;102,05;1026,52;4393,66
2022-04-22;1162,8586;102,054;146,2629;102,05;1026,38;4271,78
2022-04-25;1162,8328;102,0541;146,2641;102,06;1026,33;4296,12
2022-04-26;1162,8284;102,0541;146,2753;102,06;1026,31;4175,2
2022-04-27;1162,8451;102,0546;146,2733;102,06;1026,27;4183,96
2022-04-28;1162,8871;102,0547;146,2748;102,06;1026,27;4287,5
2022-04-29;1162,8562;102,0551;146,2891;102,05;1026,24;4131,93
2022-05-02;1162,8446;102,0554;146,2689;102,05;1026,23;4155,38
2022-05-03;1162,8463;102,0562;146,2759;102,07;1026,2;4175,48
2022-05-04;1162,9574;102,0569;146,2816;102,07;1026,19;4300,17
2022-05-05;1162,9741;102,057;146,2865;102,07;1026,17;4146,87
2022-05-06;1162,98;102,057;146,3008;102,07;1026,16;4123,34
2022-05-09;1163,0042;102,0577;146,2827;102,07;1026,15;3991,24
2022-05-10;1163,0351;102,0578;146,2907;102,08;1026,15;4001,05
2022-05-11;1163,1214;102,0579;146,2944;102,08;1026,14;3935,18
2022-05-12;1163,1382;102,0604;146,2934;102,08;1026,12;3930,08
2022-05-13;1163,1308;102,0613;146,2975;102,09;1026,11;4023,89
2022-05-16;1163,1743;102,0621;146,3097;102,09;1026,13;4008,01
2022-05-17;1163,2078;102,0628;146,3155;102,09;1026,12;4088,85
2022-05-18;1163,2089;102,0637;146,3215;102,08;1026,11;3923,68
2022-05-19;1163,3042;102,0662;146,3173;102,09;1026,09;3900,79
2022-05-20;1163,3461;102,0671;146,3265;102,08;1026,09;3901,36
2022-05-23;1163,3948;102,0681;146,3325;102,08;1026,07;3973,75
2022-05-24;1163,4022;102,0683;146,3337;102,08;1026,05;3941,48
2022-05-25;1163,4485;102,07;146,3389;102,08;1026,02;3978,73
2022-05-26;1163,4833;102,0744;146,3364;102,09;1026,0;4057,84
2022-05-27;1163,519;102,0747;146,3393;102,1;1025,95;4158,24
2022-05-30;1163,5429;102,0762;146,3538;102,1;1025,95;4158,24
2022-05-31;1163,6004;102,0763;146,3505;102,09;1026,210580421081;4132,15
2022-06-01;1163,6662;102,0821;146,3572;102,1;1025,89;4101,23
2022-06-02;1163,6763;102,0831;146,3737;102,11;1025,87;4176,82
2022-06-03;1163,6927;102,0832;146,3797;102,1;1025,86;4108,54
2022-06-06;1163,6884;102,0833;146,3834;102,09;1025,8;4121,43
2022-06-07;1163,7322;102,0863;146,3907;102,1;1025,76;4160,68
2022-06-08;1163,7473;102,0869;146,3907;102,1;1025,73;4115,77
2022-06-09;1163,8144;102,088;146,3858;102,11;1025,71;4017,82
2022-06-10;1163,8537;102,0882;146,383;102,11;1025,68;3900,86
2022-06-13;1163,9303;102,0894;146,3834;102,11;1025,65;3749,63
2022-06-14;1163,926702085204;102,0933;146,3836;102,11;1025,61;3735,48
2022-06-15;1163,9362;102,0946;146,388;102,11;1025,59;3789,99
2022-06-16;1163,9445;102,0957;146,4046;102,12;1025,56;3666,77
2022-06-17;1164,0247;102,098;146,3885;102,13;1025,52;3674,84
2022-06-20;1164,118;102,1007;146,4115;102,13;1025,5;3674,84
2022-06-21;1164,17;102,1092790451352;146,4233848002056;102,1340306392503;1025,45;3764,79
2022-06-22;1164,2332;102,1115;146,4434;102,14;1025,42;3759,89
2022-06-23;1164,3049;102,1139;146,4452;102,14;1025,43;3795,73
2022-06-24;1164,356;102,1163;146,4407;102,14;1025,42;3911,74
2022-06-27;1164,4177;102,1187;146,4501;102,15;1025,38;3900,11
2022-06-28;1164,4676;102,1243;146,4584;102,16;1025,37;3821,55
2022-06-29;1164,4266;102,1267;146,4656;102,15;1025,36;3818,83
2022-06-30;1164,4456;102,1292;146,4778;102,16;1025,34;3785,38
2022-07-01;1164,4545;102,1313;146,4837;102,16;1025,33;3825,33
2022-07-04;1164,5349;102,1335;146,4937;102,16;1025,29;3825,33
2022-07-05;1164,5602;102,1395;146,5001;102,16;1025,27;3831,39
2022-07-06;1164,6362;102,1417;146,5021;102,17;1025,21;3845,08
2022-07-07;1164,7034;102,1445;146,5072;102,18;1025,2;3902,62
2022-07-08;1164,7477;102,1565151731523;146,5120634214467;102,1696700305037;1025,246960008596;3899,38
2022-07-11;1164,8166;102,1484;146,5381;102,18;1025,17;3854,43
2022-07-12;1164,8407;102,1783948192297;146,533633130798;102,2;1025,18;3818,8
2022-07-13;1164,8566;102,1587;146,5395;102,19;1025,16;3801,78
2022-07-14;1164,9818;102,1614;146,5472;102,2;1025,13;3790,38
2022-07-15;1165,170578503849;102,1634;146,5494;102,2;1025,11;3863,16
2022-07-18;1165,370462627895;102,1664;146,5568;102,2;1025,07;3830,85
2022-07-19;1164,9865;102,1764097420376;146,554251391954;102,2182751487029;1025,011698787598;3936,69
2022-07-20;1164,9764;102,1778;146,5665;102,2;1025,04;3959,9
2022-07-21;1165,0001;102,1806;146,5698;102,2;1025,02;3998,95
2022-07-22;1165,028;102,1827;146,5696;102,19;1025,0;3961,63
2022-07-25;1165,0745;102,1855;146,58;102,19;1024,93;3966,84
2022-07-26;1165,0291;102,194;146,5888;102,18;1024,87;3921,05
2022-07-27;1165,0123;102,1941;146,5735;102,17;1024,72;4023,61
2022-07-28;1165,0465;102,1942;146,554;102,18;1024,63;4072,43
2022-07-29;1165,0459;102,1982;146,546;102,17;1024,61;4130,29
2022-08-01;1165,0909;102,203;146,58;102,17;1024,55;4118,63
2022-08-02;1165,1446;102,231924521395;146,6108246323253;102,19;1024,53;4091,19
2022-08-03;1165,1947;102,2213;146,5971;102,19;1024,5;4155,17
2022-08-04;1165,2676;102,2264;146,6156;102,2;1024,5;4151,94
2022-08-05;1165,3488;102,2364486222515;146,6264362246641;102,2067846318202;1024,46;4145,19
2022-08-08;1165,4782;102,2366;146,6435;102,21;1024,44;4140,06
2022-08-09;1165,5299;102,2508;146,6535;102,22;1024,42;4122,47
2022-08-10;1165,5286;102,2557;146,6585;102,22;1024,41;4210,24
2022-08-11;1165,5606;102,2597;146,6693;102,22;1024,41;4207,27
2022-08-12;1165,645;102,2643;146,662;102,23;1024,38;4280,15
2022-08-16;1165,782;102,2677;146,6856;102,25;1024,34;4305,2
2022-08-17;1165,8332;102,2742039601638;146,7261719036238;102,25;1024,3;4274,04
2022-08-18;1165,8367;102,2882;146,6959;102,26;1024,26;4283,74
2022-08-19;1165,8966;102,293;146,6924;102,26;1024,28;4228,48
2022-08-22;1165,9212;102,2969;146,6955;102,26;1024,3;4137,99
2022-08-23;1165,9898;102,3021;146,7161;102,26;1024,32;4128,73
2022-08-24;1166,0375;102,316;146,7339;102,27;1024,32;4140,77
2022-08-25;1166,0509;102,3209;146,7441;102,28;1024,32;4199,12
2022-08-26;1166,0567;102,3257;146,7628;102,28;1024,31;4057,66
2022-08-29;1166,0165;102,3285;146,7835;102,27;1024,414866016507;4030,61
2022-08-30;1166,1134;102,3325;146,7687;102,28;1024,24;3986,16
2022-08-31;1166,1446;102,3477;146,7841;102,28;1024,24;3955,0
2022-09-01;1166,1756;102,354;146,7859;102,28;1024,25;3966,85
2022-09-02;1166,2177;102,3591;146,8135;102,28;1024,26;3924,26
2022-09-05;1166,2724;102,3642;146,82;102,3;1024,26;3924,26
2022-09-06;1166,4172;102,3652;146,8357;102,29;1024,24;3908,19
2022-09-07;1166,5233;102,3806;146,8544;102,33;1024,22;3979,87
2022-09-08;1166,5613;102,3854;146,8541;102,34;1024,21;4006,18
2022-09-09;1166,5871;102,3902;146,8206;102,34;1024,2;4067,36
2022-09-12;1166,6188;102,3974;146,8198;102,35;1024,15;4110,41
2022-09-13;1166,7582;102,4033;146,8638;102,36;1024,17;3932,69
2022-09-14;1166,8319;102,4247;146,8916;102,37;1024,16;3946,01
2022-09-15;1166,8793;102,4321;146,8978;102,38;1024,17;3901,35
2022-09-16;1166,8791;102,4389;146,9069;102,37;1024,15;3873,33
2022-09-19;1166,9064;102,4457;146,9203;102,37;1024,16;3899,89
2022-09-20;1167,0012;102,4528;146,9572;102,36;1024,17;3855,93
2022-09-21;1167,0518;102,4735;146,9702;102,37;1024,17;3789,93
2022-09-22;1167,1061;102,4804;146,9768;102,37;1024,18;3757,99
2022-09-23;1167,143;102,4875;146,9834;102,38;1024,17;3693,23
2022-09-26;1167,1963;102,495;146,9999;102,39;1024,18;3655,04
2022-09-27;1167,3262;102,5026;147,0289;102,39;1024,21;3647,29
2022-09-28;1167,3872;102,5433862736652;147,0305104438978;102,385889953508;1024,29771259467;3719,04
2022-09-29;1167,4428;102,5317;147,0528;102,4;1024,26;3640,47
2022-09-30;1167,402;102,5388;147,068;102,38;1024,24;3585,62
2022-10-03;1167,4104;102,5455;147,075;102,38;1024,22;3678,43
2022-10-04;1167,4998;102,5523;147,1122;102,37;1024,21;3790,93
2022-10-05;1167,5835;102,5729;147,1301;102,39;1024,19;3783,28
2022-10-06;1167,6033;102,5796;147,1327;102,38;1024,18;3744,52
2022-10-07;1167,583;102,5867;147,1555;102,37;1024,2;3639,66
2022-10-10;1167,6313;102,5933;147,1623;102,39;1024,21;3612,39
2022-10-11;1167,8202;102,6018;147,1949;102,4;1024,24;3588,84
2022-10-13;1167,891894252713;102,623;147,2118;102,41;1024,25;3669,91
2022-10-14;1167,8149;102,63;147,2243;102,4;1024,26;3583,07
2022-10-17;1167,8405;102,637;147,2264;102,4;1024,24;3677,95
2022-10-18;1167,8379;102,6436;147,2268;102,4;1024,22;3719,98
2022-10-19;1167,9425;102,6501;147,2742;102,4;1024,19;3695,16
2022-10-20;1167,996;102,6700245162687;147,2693034110385;102,41;1024,19;3665,78
2022-10-21;1168,0452;102,6795;147,2957;102,42;1024,17;3752,75
2022-10-24;1168,0937;102,6861;147,2996;102,43;1024,17;3797,34
2022-10-25;1168,1774;102,6926;147,3014;102,43;1024,16;3859,11
2022-10-26;1168,3376;102,6992;147,3296;102,43;1024,14;3830,6
2022-10-27;1168,4211;102,7207;147,3511;102,46;1024,12;3807,3
2022-10-28;1168,4465;102,7284;147,3532;102,46;1024,12;3901,06
2022-10-31;1168,4673;102,735;147,3589;102,46;1024,11;3871,98
2022-11-02;1168,524;102,7413;147,3622;102,46;1024,13;3759,69
2022-11-03;1168,6656;102,749;147,3963;102,47;1024,14;3719,89
2022-11-04;1168,768787495441;102,7721;147,4093;102,48;1024,16;3770,55
2022-11-07;1168,6935;102,7791;147,4207;102,48;1024,16;3806,8
2022-11-08;1168,7318;102,7864;147,413;102,47;1024,14;3828,11
2022-11-09;1168,7815;102,7949;147,422;102,49;1024,14;3748,57
2022-11-10;1168,9777;102,8041;147,4459;102,47;1024,17;3956,37
2022-11-11;1168,5537;102,8323;147,4774;102,39;1024,24;3992,93
2022-11-14;1168,5661;102,8417;147,4908;102,4;1024,24;3957,25
2022-11-15;1168,5372;102,8509;147,4944;102,38;1024,23;3991,73
2022-11-16;1168,4309;102,8598;147,5154;102,38;1024,23;3958,79
2022-11-17;1168,8373;102,8684;147,5265;102,42;1024,27;3946,56
2022-11-18;1169,0156;102,8967;147,5394;102,46;1024,31;3965,34
2022-11-21;1169,2051;102,9061;147,5631;102,49;1024,16;3949,94
2022-11-22;1169,244;102,915;147,5754;102,49;1024,2;4003,58
2022-11-23;1169,2196;102,9236;147,5873;102,49;1023,68;4027,26
2022-11-24;1169,3738;102,933;147,6355;102,49;1023,88;4027,26
2022-11-25;1169,4431;102,9507158192474;147,6482275331909;102,5;1024,04;4026,12
2022-11-28;1169,4838;102,9704;147,657;102,51;1024,05;3963,94
2022-11-29;1169,5585;102,9798;147,676;102,53;1024,14;3957,63
2022-11-30;1169,6527;102,9893;147,6826;102,54;1024,1;4080,11
2022-12-01;1169,9128;102,9959;147,7208;102,55;1024,14;4076,57
2022-12-02;1170,0865;103,0227;147,7365;102,58;1024,16;4071,7
2022-12-05;1170,1967;103,0322;147,7449;102,6;1024,22;3998,84
2022-12-07;1170,279;103,0416;147,7632;102,61;1024,3;3933,92
2022-12-09;1170,395;103,051;147,7819;102,62;1024,33;3934,38
2022-12-12;1170,5863;103,0605;147,813;102,63;1024,39;3990,56
2022-12-13;1170,692;103,0888;147,8347;102,67;1024,42;4019,65
2022-12-14;1170,8066;103,0983;147,8393;102,68;1024,46;3995,32
2022-12-15;1170,9115;103,1097;147,8572;102,7;1024,51;3895,75
2022-12-16;1171,0373;103,119;147,8662;102,72;1024,52;3852,36
2022-12-19;1171,2921;103,1285;147,9004;102,74;1024,64;3817,66
2022-12-20;1171,4092;103,1551;147,9258;102,75;1024,68;3821,62
2022-12-21;1171,4941;103,169818607439;147,9488082679009;102,7609099081992;1024,729777175763;3878,44
2022-12-22;1171,5894;103,174;147,9464;102,77;1024,76;3822,39
2022-12-23;1171,6894;103,1835;147,9555;102,79;1024,81;3844,82
2022-12-26;1171,923;103,1947;148,0065;102,79;1024,9;3844,82
2022-12-27;1172,0154;103,2293;148,0416;102,8;1024,97;3829,25
2022-12-28;1172,1372;103,241;148,0524;102,81;1025,02;3783,22
2022-12-29;1172,2035;103,2525;148,0553;102,82;1025,07;3849,28
2022-12-30;1172,2933;103,2642;148,1173;102,84;1025,16;3839,5
2023-01-02;1172,6207;103,2950807802443;148,1378297870601;102,86;1025,16;3839,5
2023-01-03;1172,7429;103,3115;148,1558;102,87;1025,25;3824,14
2023-01-04;1172,8098;103,3236;148,1538;102,89;1025,32;3852,97
2023-01-05;1172,8976;103,3356;148,1756;102,9;1025,4;3808,1
2023-01-09;1172,9859;103,3471;148,1883;102,9;1025,46;3892,09
2023-01-10;1173,1981;103,3581;148,2318;102,91;1025,56;3919,25
2023-01-11;1173,3445;103,3921;148,2579;102,93;1025,61;3969,61
2023-01-12;1173,4443;103,4038;148,2704;102,94;1025,68;3983,17
2023-01-13;1173,5576;103,4152;148,3203;102,95;1025,73;3999,09
2023-01-16;1173,6734;103,4362458177125;148,3330897257764;102,96;1025,77;3999,09
2023-01-17;1173,8923;103,4388;148,3612;102,97;1025,86;3990,97
2023-01-18;1174,023;103,4735;148,3861;103,0;1025,91;3928,86
2023-01-19;1174,1386;103,4857;148,4036;103,01;1025,98;3898,85
2023-01-20;1174,2196;103,4975;148,4253;103,02;1026,03;3972,61
2023-01-23;1174,3358;103,5089;148,4375;103,03;1026,1;4019,81
2023-01-24;1174,5966;103,5211;148,4926;103,04;1026,21;4016,95
2023-01-25;1174,683;103,5577;148,514;103,06;1026,27;4016,22
2023-01-26;1174,7134;103,5699;148,529;103,07;1026,33;4060,43
2023-01-27;1174,7666;103,5821;148,5502;103,07;1026,38;4070,56
2023-01-30;1174,8693;103,5938;148,5739;103,08;1026,43;4017,77
2023-01-31;1175,1147;103,6055;148,6128;103,09;1026,52;4076,6
2023-02-01;1175,2453;103,6399;148,6466;103,12;1026,56;4119,21
2023-02-02;1175,3469;103,6521;148,6561;103,13;1026,62;4179,76
2023-02-03;1175,4987;103,6632;148,6776;103,14;1026,67;4136,48
2023-02-06;1175,6144;103,6751;148,6933;103,16;1026,72;4111,08
2023-02-07;1175,9112;103,6888;148,7498;103,17;1026,82;4164,0
2023-02-08;1176,0454;103,7271;148,7752;103,19;1026,85;4117,86
2023-02-09;1176,1254;103,7408;148,7912;103,2;1026,91;4081,5
2023-02-10;1176,2202;103,7536;148,8079;103,21;1026,94;4090,46
2023-02-13;1176,3426;103,7664;148,8379;103,23;1027,01;4137,29
2023-02-14;1176,8223;103,7796;148,9119;103,24;1027,17;4136,13
2023-02-15;1176,988816679304;103,8324;148,931;103,26;1027,24;4147,6
2023-02-16;1176,9632;103,8454;148,945;103,27;1027,36;4090,41
2023-02-17;1177,074;103,8583;148,974;103,28;1027,41;4079,09
2023-02-20;1177,4567;103,8629169189592;149,0533;103,29;1027,57;4079,09
2023-02-21;1177,673171665263;103,8497605339304;149,0595186560278;103,31;1027,62;3997,34
2023-02-22;1177,6293;103,9226;149,078;103,31;1027,64;3991,05
2023-02-23;1177,7337;103,935525;149,0977;103,32;1027,75;4012,32
2023-02-24;1177,8482;103,9483;149,1199;103,32;1027,78;3970,04
2023-02-27;1178,1562;103,9612;149,1643;103,33;1027,92;3982,24
2023-02-28;1178,3142;103,9989;149,198;103,36;1027,97;3970,15
2023-03-01;1178,4312;104,0127;149,2;103,36;1028,06;3951,39
2023-03-02;1178,5472;104,0252;149,2263;103,38;1028,14;3981,35
2023-03-03;1178,6698;104,0386;149,2511;103,38;1028,2;4045,64
2023-03-06;1178,9885;104,0523;149,311;103,4;1028,37;4048,42
2023-03-07;1179,1091;104,0597949483131;149,3052666841172;103,42;1028,45;3986,37
2023-03-08;1179,2156;104,113;149,3298;103,43;1028,57;3992,01
2023-03-09;1179,3184;104,1263;149,3475;103,44;1028,63;3918,32
2023-03-10;1179,4121;104,1408;149,3743;103,46;1028,7;3861,59
2023-03-13;1179,7331;104,1552;149,4256;103,47;1028,84;3855,76
2023-03-14;1179,8665;104,1939;149,443;103,5;1028,94;3919,29
2023-03-15;1179,9835;104,2074;149,4526;103,51;1029,01;3891,93
2023-03-16;1180,1021;104,2198;149,4791;103,52;1029,1;3960,28
2023-03-17;1180,213;104,2326;149,5014;103,53;1029,19;3916,64
2023-03-20;1180,5287;104,2455;149,5558;103,54;1029,31;3951,57
2023-03-21;1180,6772;104,2829;149,5792;103,57;1029,4;4002,87
2023-03-22;1180,7823;104,2953;149,588;103,58;1029,5;3936,97
2023-03-23;1180,8959;104,3087;149,6186;103,6;1029,55;3948,72
2023-03-24;1181,0354;104,3223;149,6362;103,62;1029,64;3970,99
2023-03-27;1181,3663;104,3359;149,6978;103,64;1029,77;3977,53
2023-03-28;1181,5271;104,3776;149,7112;103,65;1029,85;3971,27
2023-03-29;1181,6535;104,3921;149,7299;103,65;1029,92;4027,81
2023-03-30;1181,7703;104,406;149,752;103,66;1030,0;4050,83
2023-03-31;1181,8899;104,4208;149,77;103,67;1030,08;4109,31
2023-04-03;1182,2156;104,4358;149,8209;103,67;1030,23;4124,51
2023-04-04;1182,3492;104,4841;149,8477;103,69;1030,31;4100,6
2023-04-05;1182,4684;104,499;149,8619;103,69;1030,37;4090,38
2023-04-06;1182,5973;104,5131;149,881;103,7;1030,44;4105,02
2023-04-10;1182,7428;104,5266;149,9069;103,73;1030,51;4109,11
2023-04-11;1183,0733;104,5403;149,9793;103,74;1030,68;4108,94
2023-04-12;1183,235;104,5670642423083;150,0037758177545;103,76;1030,79;4091,95
2023-04-13;1183,3325;104,6007;149,9967;103,77;1030,88;4146,22
2023-04-14;1183,4333;104,6144;150,0289;103,77;1030,96;4137,64
2023-04-17;1183,5403;104,6279;150,053;103,79;1031,04;4151,32
2023-04-18;1183,8731;104,6419;150,1031;103,79;1031,19;4154,87
2023-04-19;1183,9694;104,6859;150,1162;103,81;1031,28;4154,52
2023-04-20;1184,055;104,6995;150,1345;103,81;1031,36;4129,79
2023-04-21;1184,2062;104,7141;150,1522;103,83;1031,44;4133,52
2023-04-24;1184,3619;104,7276;150,1628;103,85;1031,54;4137,04
2023-04-25;1184,6727;104,7402;150,224;103,86;1031,71;4071,63
2023-04-26;1184,8348;104,7782;150,247;103,89;1031,77;4055,99
2023-04-27;1184,9361;104,7909;150,2611;103,89;1031,88;4135,35
2023-04-28;1184,9924;104,8047;150,277;103,9;1031,98;4169,48
2023-05-02;1185,1274;104,818;150,2871;103,91;1032,05;4119,58
2023-05-03;1185,5332;104,8333;150,3406;103,93;1032,2;4090,75
2023-05-04;1185,8034;104,8713;150,3649;103,99;1032,27;4061,22
2023-05-05;1186,0097;104,8839;150,4058;104,0;1032,27;4136,25
2023-05-08;1186,1917;104,8978;150,4498;104,02;1032,33;4138,12
2023-05-09;1186,3695;104,9104;150,4983;104,04;1031,01;4119,17
2023-05-10;1186,6578;104,9243;150,5238;104,05;1031,22;4137,64
2023-05-11;1186,8698;104,9623;150,5667;104,07;1032,02;4130,62
2023-05-12;1186,9254;104,9762;150,5692;104,08;1032,13;4124,08
2023-05-15;1186,8882;104,99;150,5877;104,06;1032,38;4136,28
2023-05-16;1187,0495;105,0027;150,6072;104,08;1032,51;4109,9
2023-05-17;1187,4018;105,0171;150,6662;104,09;1032,71;4158,77
2023-05-18;1187,5097;105,0608;150,6999;104,1;1032,77;4198,05
2023-05-19;1187,5782;105,0754;150,72;104,1;1032,92;4191,98
2023-05-22;1187,7198;105,0896;150,7308;104,12;1033,0;4192,63
2023-05-23;1187,8341;105,1037;150,7578;104,13;1033,11;4145,58
2023-05-24;1188,1873;105,1167;150,8048;104,14;1033,28;4115,24
2023-05-25;1188,3549;105,1592;150,8317;104,17;1033,33;4151,28
2023-05-26;1188,4955;105,1734;150,8582;104,19;1033,42;4205,45
2023-05-29;1188,6265;105,1869;150,8768;104,21;1033,48;4205,45
2023-05-30;1189,2587;105,2001;150,9013;104,22;1033,386468327678;4205,52
2023-05-31;1189,4539;105,271;150,9845;104,26;1033,88;4179,83
2023-06-01;1189,5856;105,2858;151,0077;104,28;1034,12;4221,02
2023-06-02;1189,6568;105,3004;151,0295;104,3;1034,21;4282,37
2023-06-05;1190,0716;105,3147;151,0856;104,31;1034,37;4273,79
2023-06-06;1190,2409;105,3564;151,1018;104,34;1034,46;4283,85
2023-06-07;1190,3382;105,3708;151,124;104,35;1034,57;4267,52
2023-06-08;1190,4148;105,3851;151,1386;104,36;1034,67;4293,93
2023-06-09;1190,4989;105,3994;151,1594;104,36;1034,79;4298,86
2023-06-12;1190,8584;105,4138;151,2186;104,38;1035,03;4338,93
2023-06-13;1191,0382;105,456;151,2386;104,4;1035,17;4369,01
2023-06-14;1191,1152;105,4692;151,2625;104,42;1035,31;4372,59
2023-06-15;1191,2519;105,4824;151,2762;104,43;1035,46;4425,84
2023-06-16;1191,3708;105,4956;151,2841;104,45;1035,59;4409,59
2023-06-19;1191,8706;105,5099;151,3506;104,46;1035,753751117946;4409,59
2023-06-20;1192,0029;105,5674;151,3736;104,48;1035,99;4388,71
2023-06-21;1192,143;105,5817;151,4197;104,51;1036,17;4365,69
2023-06-22;1192,2906;105,5968;151,4407;104,52;1036,32;4381,89
2023-06-23;1192,8196;105,6124;151,5038;104,53;1036,54;4348,33
2023-06-26;1192,758776655295;105,6562;151,5206;104,56;1036,54;4328,82
2023-06-27;1192,9989;105,6527427491145;151,520255073513;104,5777783396351;1036,66;4378,41
2023-06-28;1193,1173;105,6859;151,5651;104,58;1036,83;4376,86
2023-06-29;1193,2745;105,7012;151,5902;104,6;1036,93;4396,44
2023-06-30;1193,6761;105,7157;151,6548;104,6;1037,17;4450,38
2023-07-03;1193,8375;105,7611;151,6801;104,64;1037,27;4455,59
2023-07-04;1193,9903;105,7762;151,7025;104,65;1037,41;4455,59
2023-07-05;1194,1352;105,7913;151,7232;104,66;1037,597567493248;4446,82
2023-07-06;1194,2664;105,7960233788975;151,7210868841611;104,6451068900394;1037,57;4411,59
2023-07-07;1194,6262;105,8213;151,805;104,7;1037,79;4398,95
2023-07-10;1194,8174;105,8663;151,8262;104,73;1037,92;4409,53
2023-07-11;1194,9213;105,8813;151,8486;104,73;1038,06;4439,26
2023-07-12;1194,8342;105,8963;151,8702;104,7;1038,15;4472,16
2023-07-13;1194,9681;105,9113;151,8896;104,71;1038,24;4510,04
2023-07-14;1195,3844;105,9254;151,9619;104,71;1038,52;4505,42
2023-07-17;1195,6922;105,9854;151,991;104,76;1038,62;4522,79
2023-07-18;1195,8505;106,0004;152,0051;104,78;1038,76;4554,98
2023-07-19;1196,0481;106,0154;152,0313;104,81;1038,86;4565,72
2023-07-20;1196,4438;106,0304;152,0956;104,82;1039,08;4534,87
2023-07-21;1196,6128;106,0755;152,1221;104,85;1039,19;4536,34
2023-07-24;1196,769;106,0908;152,1482;104,86;1039,32;4554,64
2023-07-25;1196,92;106,1058;152,1673;104,87;1039,41;4567,46
2023-07-26;1197,0575;106,1212;152,1832;104,89;1039,48;4566,75
2023-07-27;1197,4517;106,1356;152,2525;104,92;1039,69;4537,41
2023-07-28;1197,6307;106,1807;152,2772;104,95;1039,8;4582,23
2023-07-31;1197,7021;106,1963;152,2993;104,94;1039,93;4588,96
2023-08-01;1197,8199;106,2114;152,3238;104,95;1040,04;4576,73
2023-08-02;1197,9376;106,2264;152,3488;104,96;1040,14;4513,39
2023-08-03;1198,3257;106,2409;152,4311;104,97;1040,39;4501,89
2023-08-04;1198,5211;106,2452074942886;152,4818306521736;105,0;1040,49;4478,03
2023-08-07;1198,6237;106,3011;152,4605;105,01;1040,64;4518,44
2023-08-08;1198,6605;106,3167;152,4834;105,01;1040,73;4499,38
2023-08-09;1198,7931;106,3321;152,4994;105,02;1040,84;4467,71
2023-08-10;1199,0879;106,3698304748736;152,5234518944008;105,0333589882404;1041,07;4468,83
2023-08-11;1199,1062;106,3924;152,5961;105,04;1041,16;4464,05
2023-08-14;1199,2213;106,408;152,6181;105,05;1041,29;4489,72
2023-08-16;1199,3458;106,4231;152,6361;105,07;1041,41;4404,33
2023-08-17;1199,5107;106,4387;152,6624;105,07;1041,51;4370,36
2023-08-18;1199,9123;106,4547;152,7123;105,08;1041,82;4369,71
2023-08-21;1200,1065;106,5023;152,7608;105,11;1041,94;4399,77
2023-08-22;1200,264;106,5089718191701;152,7889319522324;105,13;1042,06;4387,55
2023-08-23;1200,4177;106,5343;152,7875;105,14;1042,15;4436,01
2023-08-24;1200,4865;106,55;152,8077;105,14;1042,27;4376,31
2023-08-25;1200,8729;106,5645;152,8648;105,15;1042,56;4405,71
2023-08-28;1201,1281;106,608;152,8873;105,19;1042,68;4433,31
2023-08-29;1201,3175;106,6225;152,9096;105,21;1042,77;4497,63
2023-08-30;1201,4949;106,6382;152,9346;105,23;1042,88;4514,87
2023-08-31;1201,7454;106,6542;152,955;105,26;1043,15;4507,66
2023-09-01;1202,1903;106,6701;153,0135;105,27;1043,15;4515,77
2023-09-04;1202,3962;106,7159;153,0367;105,31;1043,32;4515,77
2023-09-05;1202,5895;106,7316;153,0566;105,33;1043,46;4496,83
2023-09-06;1202,9285;106,7473;153,081;105,38;1043,54;4465,48
2023-09-07;1203,1025;106,7631;153,1083;105,41;1043,67;4451,14
2023-09-08;1203,5635;106,7788;153,1671;105,43;1043,98;4457,49
2023-09-11;1203,7818;106,8259;153,1966;105,46;1044,1;4487,46
2023-09-12;1203,946;106,8434;153,217;105,48;1044,21;4461,9
2023-09-13;1204,1087;106,8607;153,2401;105,49;1044,34;4467,44
2023-09-14;1204,2688;106,8779;153,2609;105,5;1044,41;4505,1
2023-09-15;1204,7219;106,8963;153,3324;105,52;1044,69;4450,32
2023-09-18;1204,9719;106,9437;153,3574;105,56;1044,81;4453,53
2023-09-19;1205,1345;106,9609;153,3717;105,57;1044,91;4443,95
2023-09-20;1205,2994;106,9777;153,4028;105,59;1045,02;4402,2
2023-09-21;1205,4928;106,9944;153,4335;105,62;1045,13;4330,0
2023-09-22;1206,0427;107,0106;153,4985;105,64;1045,45;4320,06
2023-09-25;1206,266;107,0578;153,5214;105,68;1045,59;4337,44
2023-09-26;1206,4388;107,0751;153,5393;105,69;1045,71;4273,53
2023-09-27;1206,5991;107,0913;153,5725;105,71;1045,82;4274,51
2023-09-28;1206,7904;107,1074;153,6027;105,73;1045,92;4299,7
2023-09-29;1207,2612;107,1246;153,6699;105,74;1046,23;4288,05
2023-10-02;1207,449;107,1735;153,6991;105,77;1046,44;4288,39
2023-10-03;1207,543;107,1926752938982;153,711842265545;105,7785554230802;1046,44;4229,45
2023-10-04;1207,6681;107,2071;153,7419;105,78;1046,57;4263,75
2023-10-05;1207,8142;107,2236;153,7671;105,79;1046,71;4258,19
2023-10-06;1208,292;107,2401;153,8331;105,81;1047,02;4308,5
2023-10-09;1208,5001;107,2883;153,8643;105,85;1047,14;4335,66
2023-10-10;1208,6663;107,3051;153,8789;105,88;1047,27;4358,24
2023-10-11;1208,8593;107,3215;153,9065;105,91;1047,37;4376,95
2023-10-13;1209,083;107,3388;153,9377;105,93;1047,44;4327,78
2023-10-16;1209,6986;107,3573;154,0006;105,95;1047,78;4373,63
2023-10-17;1209,788745193249;107,4056;154,0255;105,98;1047,92;4373,2
2023-10-18;1209,9431;107,4231;154,0491;106,0;1048,03;4314,6
2023-10-19;1210,1216;107,4403;154,0781;106,01;1048,14;4278,0
2023-10-20;1210,3052;107,4574;154,0963;106,03;1048,27;4224,16
2023-10-23;1210,8286;107,4747;154,174;106,05;1048,5;4217,04
2023-10-24;1211,0347;107,4932131769423;154,1568227206769;106,09;1048,64;4247,68
2023-10-25;1211,1981;107,5428;154,2081;106,1;1048,76;4186,77
2023-10-26;1211,3689;107,5592;154,2358;106,12;1048,87;4137,23
2023-10-27;1211,558;107,5757;154,257;106,14;1049,01;4117,37
2023-10-30;1212,0633;107,5922;154,3245;106,16;1049,31;4166,82
2023-10-31;1212,2686;107,6408;154,3529;106,2;1049,47;4193,8
2023-11-02;1212,4417;107,6583;154,3752;106,22;1049,6;4317,78
2023-11-03;1212,6412;107,6746;154,4009;106,23;1049,75;4358,34
2023-11-06;1212,8288;107,6909;154,4288;106,27;1049,87;4365,98
2023-11-07;1213,3019;107,7073;154,5007;106,28;1050,2;4378,38
2023-11-08;1213,4971;107,7558;154,5261;106,32;1050,33;4382,78
2023-11-09;1213,6608;107,7731;154,5528;106,34;1050,43;4347,35
2023-11-10;1213,9432;107,7896;154,5737;106,37;1050,53;4415,24
2023-11-13;1213,9865;107,8061;154,598;106,39;1050,62;4411,55
2023-11-14;1214,651;107,8226;154,6624;106,42;1050,93;4495,7
2023-11-15;1214,9104;107,8713;154,6922;106,47;1051,07;4502,88
2023-11-16;1215,0779;107,8886;154,7231;106,48;1051,17;4508,24
2023-11-17;1215,2647;107,9052;154,7446;106,49;1051,3;4514,02
2023-11-20;1215,4044;107,9218;154,7643;106,5;1051,43;4547,38
2023-11-21;1215,8916;107,9383;154,8226;106,52;1051,78;4538,19
2023-11-22;1216,0957;107,9872;154,8502;106,56;1051,9;4556,62
2023-11-23;1216,2791;108,0046;154,8777;106,58;1052,02;4556,62
2023-11-24;1216,4763;108,022;154,9066;106,6;1052,15;4559,34
2023-11-27;1216,6603;108,0389;154,9339;106,62;1052,25;4550,43
2023-11-28;1217,1489;108,0554;154,9988;106,63;1052,57;4554,89
2023-11-29;1217,3692;108,0635735142945;155,0061312343645;106,67;1052,71;4550,58
2023-11-30;1217,5435;108,1214;155,0452;106,7;1052,8;4567,8
2023-12-01;1217,7306;108,138;155,0694;106,72;1052,95;4594,63
2023-12-04;1217,9186;108,1544;155,093;106,71;1053,09;4569,78
2023-12-05;1218,3881;108,1703;155,1602;106,76;1053,45;4567,18
2023-12-07;1218,5923;108,2198;155,1906;106,79;1053,58;4585,59
2023-12-11;1218,766;108,2372;155,2113;106,8;1053,7;4622,44
2023-12-12;1218,9362;108,2536;155,2362;106,82;1053,84;4643,7
2023-12-13;1219,0895;108,2698;155,2619;106,83;1053,97;4707,09
2023-12-14;1219,5941;108,2868;155,3275;106,86;1054,31;4719,55
2023-12-15;1219,8497;108,3355;155,3612;106,9;1054,42;4719,19
2023-12-18;1220,0421;108,3528;155,3833;106,91;1054,56;4740,56
2023-12-19;1220,2314;108,3691;155,404;106,93;1054,65;4768,37
2023-12-20;1220,4036;108,3853;155,4283;106,95;1054,77;4698,35
2023-12-21;1220,9015;108,401;155,5;106,97;1055,07;4746,75
2023-12-22;1221,1262;108,4499;155,5241;106,99;1055,21;4754,63
2023-12-26;1221,3101;108,4674;155,5374;107,01;1055,170256496081;4774,75
2023-12-27;1221,4782;108,4738974568237;155,5403033747978;106,9839357670052;1055,38;4781,58
2023-12-28;1221,6797;108,5012;155,5949;107,03;1055,51;4783,35
2023-12-29;1222,1333;108,5179;155,658;107,05;1055,88;4769,83
2024-01-02;1222,3682;108,5678;155,6888;107,09;1056,04;4742,83
2024-01-03;1222,5541;108,5853;155,7122;107,1;1056,17;4704,81
2024-01-04;1222,7235;108,6021;155,7346;107,12;1056,3;4688,68
2024-01-05;1222,9089;108,6184;155,7575;107,14;1056,43;4697,24
2024-01-08;1223,3914;108,6346;155,8201;107,15;1056,75;4763,54
2024-01-09;1223,5933;108,6835;155,851;107,19;1056,91;4756,5
2024-01-10;1223,7817;108,6992;155,8693;107,23;1056,97;4783,45
2024-01-11;1223,9962;108,7166;155,8967;107,25;1057,1;4780,24
2024-01-12;1224,1674;108,7333;155,9154;107,27;1057,25;4783,83
2024-01-15;1224,6723;108,7511;155,9881;107,29;1057,53;4783,83
2024-01-16;1224,8783;108,8019;156,0167;107,32;1057,69;4765,98
2024-01-17;1225,0631;108,8194;156,0402;107,34;1057,82;4739,21
2024-01-18;1225,2332;108,8368;156,0846;107,35;1057,94;4780,94
2024-01-19;1225,3849;108,837896288991;156,0959345702709;107,36;1058,07;4839,81
2024-01-22;1225,8795;108,8709;156,1521;107,38;1058,42;4850,43
2024-01-23;1226,0763;108,9208;156,1773;107,42;1058,56;4864,6
2024-01-24;1226,248;108,9388;156,1944;107,43;1058,65;4868,55
2024-01-25;1226,4431;108,957;156,2219;107,45;1058,75;4894,16
2024-01-26;1226,6329;108,9738;156,247;107,47;1058,85;4890,97
2024-01-29;1227,1264;108,9931;156,3162;107,49;1059,19;4927,93
2024-01-30;1227,345;109,0431;156,3518;107,52;1059,23;4924,97
2024-01-31;1227,5266;109,0605;156,3762;107,54;1059,4;4845,65
2024-02-01;1227,7132;109,0769;156,4108;107,56;1059,55;4906,19
2024-02-02;1227,9104;109,0932;156,4397;107,58;1059,71;4958,61
2024-02-05;1228,403;109,11;156,5035;107,59;1060,08;4942,81
2024-02-06;1228,5885;109,1584;156,5281;107,62;1060,25;4954,23
2024-02-07;1228,7775;109,176;156,5486;107,66;1060,39;4995,06
2024-02-08;1228,9588;109,1926;156,5731;107,68;1060,51;4997,91
2024-02-09;1229,1811;109,2114;156,6058;107,7;1060,61;5026,61
2024-02-12;1229,6591;109,2278;156,6657;107,72;1061,03;5021,84
2024-02-13;1229,8551;109,2769;156,6917;107,75;1061,16;4953,17
2024-02-14;1230,0295;109,2943;156,7183;107,77;1061,32;5000,62
2024-02-15;1230,2322;109,3118;156,7429;107,8;1061,44;5029,73
2024-02-16;1230,4186;109,329;156,7759;107,82;1061,52;5005,57
2024-02-19;1231,2484;109,3462;156,8718;107,84;1061,461220328677;5005,57
2024-02-20;1231,4625;109,4294;156,9002;107,91;1062,09;4975,51
2024-02-21;1231,6415;109,4462;156,9324;107,92;1062,26;4981,8
2024-02-22;1232,2944;109,4626;157,022;107,94;1062,66;5087,03
2024-02-23;1232,4912;109,5283;157,0537;107,98;1062,84;5088,8
2024-02-26;1232,6694;109,5453;157,0821;108,0;1063,0;5069,53
2024-02-27;1232,8404;109,5618;157,1072;108,01;1063,14;5078,18
2024-02-28;1233,3124;109,578;157,1626;108,03;1063,55;5069,76
2024-02-29;1233,4932;109,6271;157,189;108,06;1063,69;5096,27
2024-03-01;1233,6761;109,6429;157,215;108,08;1063,81;5137,08
2024-03-04;1233,8641;109,6594;157,2468;108,09;1064,06;5130,95
2024-03-05;1234,0288;109,6759;157,2678;108,11;1064,25;5078,65
2024-03-06;1234,5355;109,6948;157,3431;108,13;1064,58;5104,76
2024-03-07;1234,7539;109,7087255718181;157,381373112032;108,17;1064,72;5157,36
2024-03-08;1234,9396;109,7617;157,389;108,18;1064,8;5123,69
2024-03-11;1235,0787;109,7783;157,4225;108,19;1064,87;5117,94
2024-03-12;1235,2091;109,7939;157,4422;108,2;1065,06;5175,27
2024-03-13;1235,6935;109,8128;157,5065;108,24;1065,46;5165,31
2024-03-14;1235,8144;109,8622;157,5318;108,28;1065,57;5150,48
2024-03-15;1235,9854;109,8787;157,5561;108,29;1065,72;5117,09
2024-03-18;1236,1608;109,8958;157,5812;108,31;1065,82;5149,42
2024-03-19;1236,3455;109,9126;157,603;108,32;1065,94;5178,51
2024-03-20;1236,8405;109,9294;157,6695;108,34;1066,2;5224,62
2024-03-21;1237,0364;109,9829;157,6963;108,38;1066,41;5241,53
2024-03-22;1237,2114;110,0005;157,7265;108,4;1066,57;5234,18
2024-03-25;1237,3909;110,0164;157,7475;108,42;1066,73;5218,19
2024-03-26;1237,5919;110,0335;157,767;108,44;1066,73;5203,58
2024-03-27;1238,1136;110,0524;157,8345;108,45;1067,17;5248,49
2024-03-28;1238,2717;110,1001;157,8541;108,48;1067,3;5254,35
2024-04-01;1238,554;110,1169;157,8815;108,5;1067,36;5243,77
2024-04-02;1238,617;110,1328;157,9104;108,52;1067,5;5205,81
2024-04-03;1238,7972;110,1493;157,929;108,53;1067,6;5211,49
2024-04-04;1239,2718;110,1669;157,9928;108,54;1067,99;5147,21
2024-04-05;1239,4566;110,2151;158,0184;108,58;1068,11;5204,34
2024-04-08;1239,6195;110,2301;158,0421;108,58;1068,24;5202,39
2024-04-09;1239,7913;110,2455;158,0755;108,6;1068,37;5209,91
2024-04-10;1239,9867;110,2625;158,1024;108,62;1068,53;5160,64
2024-04-11;1240,4665;110,2815;158,1837;108,66;1068,85;5199,06
2024-04-12;1240,6523;110,2756781025999;158,1777029786851;108,69;1068,95;5123,41
2024-04-15;1240,8359;110,3481;158,2138;108,71;1069,1;5061,82
2024-04-16;1240,9905;110,3647;158,2354;108,72;1069,22;5051,41
2024-04-17;1241,1834;110,3813;158,2562;108,74;1069,35;5022,21
2024-04-18;1241,6713;110,3972;158,314;108,76;1069,7;5011,12
2024-04-19;1241,87;110,447;158,3438;108,8;1069,78;4967,23
2024-04-22;1242,0502;110,4634;158,3679;108,81;1069,95;5010,6
2024-04-23;1242,227;110,4804;158,3925;108,83;1070,05;5070,55
2024-04-24;1242,4017;110,4979;158,4134;108,85;1070,17;5071,63
2024-04-25;1242,9227;110,5182;158,4779;108,86;1070,55;5048,42
2024-04-26;1243,1216;110,5686;158,51;108,9;1070,67;5099,96
2024-04-29;1243,29;110,5855;158,5341;108,91;1070,79;5116,17
2024-04-30;1243,4595;110,6029;158,5563;108,93;1070,9;5035,69
2024-05-02;1243,6271;110,6196;158,5791;108,94;1071,05;5064,2
2024-05-03;1244,1133;110,6373;158,6404;108,98;1071,38;5127,79
2024-05-06;1244,3151;110,6861;158,6693;109,02;1071,49;5180,74
2024-05-07;1244,4786;110,7027;158,6924;109,04;1071,66;5187,7
2024-05-08;1244,6552;110,7187;158,7168;109,05;1071,79;5187,67
2024-05-09;1244,8643;110,735;158,7361;109,07;1071,9;5214,08
2024-05-10;1245,3556;110,754;158,7998;109,08;1072,25;5222,68
2024-05-13;1245,5527;110,8029;158,8276;109,12;1072,4;5221,42
2024-05-14;1245,6948;110,8201;158,8526;109,14;1072,54;5246,68
2024-05-15;1245,8546;110,8374;158,876;109,15;1072,64;5308,15
2024-05-16;1246,0641;110,8556;158,9005;109,17;1072,76;5297,1
2024-05-17;1246,549;110,8722;158,9665;109,19;1073,07;5303,27
2024-05-20;1246,7581;110,9216;159,0015;109,23;1073,23;5308,13
2024-05-21;1246,9313;110,9384;159,0214;109,24;1073,38;5321,41
2024-05-22;1247,1175;110,9553;159,0425;109,26;1073,47;5307,01
2024-05-23;1247,894;110,9738;159,1476;109,28;1074,0;5267,84
2024-05-24;1248,1288;111,0569;159,1862;109,33;1074,2;5304,72
2024-05-27;1248,3197;111,0733;159,2083;109,35;1074,31;5304,72
2024-05-28;1248,5107;111,0906;159,2289;109,37;1074,47;5306,04
2024-05-29;1248,9959;111,1082;159,2883;109,39;1074,8;5266,95
2024-05-30;1249,1896;111,1573;159,3205;109,42;1074,94;5235,48
2024-05-31;1249,666;111,1742;159,3444;109,44;1075,06;5277,51
2024-06-03;1249,8411;111,1915;159,3673;109,45;1075,17;5283,4
2024-06-04;1249,9981;111,2076;159,3857;109,46;1075,31;5291,34
2024-06-05;1250,4737;111,2236;159,449;109,48;1075,65;5354,03
2024-06-06;1250,6751;111,2724;159,4867;109,52;1075,74;5352,96
2024-06-07;1250,8476;111,2893;159,5112;109,53;1075,9;5346,99
2024-06-10;1250,9923;111,3054;159,5365;109,54;1076,02;5360,79
2024-06-11;1251,1889;111,3227;159,5632;109,58;1076,11;5375,32
2024-06-12;1251,7025;111,3396;159,6207;109,6;1076,46;5421,03
2024-06-13;1251,9323;111,3892;159,6501;109,64;1076,61;5433,74
2024-06-14;1252,0786;111,4065;159,6804;109,66;1076,71;5431,6
2024-06-17;1252,2512;111,4233;159,696;109,67;1076,85;5473,23
2024-06-18;1252,4377;111,4401;159,7202;109,68;1076,96;5487,03
2024-06-19;1252,9026;111,4562;159,7789;109,7;1077,3;5487,03
2024-06-20;1253,119;111,5049;159,808;109,74;1077,43;5473,17
2024-06-21;1253,2857;111,5218;159,8318;109,76;1077,529462735643;5464,62
2024-06-24;1253,4644;111,5498927239397;159,8561732172356;109,785475495684;1077,64;5447,87
2024-06-25;1253,613;111,5546;159,8854;109,78;1077,81;5469,3
2024-06-26;1254,2882;111,5717;159,9537;109,8;1078,13;5477,9
2024-06-27;1254,460899942207;111,6223;159,9858;109,83;1078,29;5482,87
2024-06-28;1254,5506;111,6384;160,007;109,86;1078,319881515225;5460,48
2024-07-01;1254,7489;111,655;160,0332;109,87;1078,69059666987;5475,09
2024-07-02;1254,9631;111,6801721572633;160,0301239340888;109,9107621807669;1078,68;5509,01
2024-07-03;1255,4601;111,6885;160,1221;109,92;1079,11;5537,02
2024-07-04;1255,6725;111,7375;160,1476;109,96;1079,29;5537,02
2024-07-05;1255,8263;111,7544;160,165;109,97;1079,41;5567,19
2024-07-08;1255,9858;111,7714;160,1914;109,99;1079,42;5572,85
2024-07-09;1256,1832;111,7888;160,221;110,01;1079,52;5576,98
2024-07-10;1256,6634;111,8047;160,2784;110,03;1079,475225192286;5633,91
2024-07-11;1256,858;111,7986279565246;160,2536923285364;110,0185877676633;1079,98;5584,54
2024-07-12;1256,9541;111,8714;160,3234;110,07;1080,13;5615,35
2024-07-15;1256,9867;111,888;160,3553;110,08;1080,25;5631,22
2024-07-16;1257,0615;111,9048;160,3778;110,09;1080,39;5667,2
2024-07-17;1257,5727;111,921;160,4538;110,11;1080,75;5588,27
2024-07-18;1257,483833426071;111,9393017313139;160,4461396037449;110,14;1080,87;5544,59
2024-07-19;1257,8261;111,9874;160,488;110,15;1080,97;5505,0
2024-07-22;1257,9892;112,003;160,5116;110,17;1081,11;5564,41
2024-07-23;1258,182;112,0197;160,539;110,18;1081,22;5555,74
2024-07-24;1258,657;112,0384;160,6033;110,2;1081,57;5427,13
2024-07-25;1258,9036;112,0888;160,6298;110,24;1081,74;5399,22
2024-07-26;1259,0802;112,1063;160,6645;110,26;1081,83;5459,1
2024-07-29;1259,2314;112,1232;160,6896;110,28;1081,96;5463,54
2024-07-30;1259,4453;112,1397;160,7184;110,29;1082,08;5436,44
2024-07-31;1259,9582;112,1559;160,7793;110,31;1082,44;5522,3
2024-08-01;1260,1592;112,2035;160,8037;110,35;1082,58;5446,68
2024-08-02;1260,3277;112,2194;160,8327;110,36;1082,7;5346,56
2024-08-05;1260,5093;112,236;160,8566;110,38;1082,82;5186,33
2024-08-06;1260,7163;112,2526;160,8843;110,39;1082,92;5240,03
2024-08-07;1261,1952;112,2701;160,9546;110,41;1083,24;5199,5
2024-08-08;1261,41;112,3187;160,981;110,45;1083,35;5319,31
2024-08-09;1261,5933;112,3362;161,0189;110,46;1083,49;5344,16
2024-08-12;1261,7377;112,3359155167506;161,0503246894392;110,48;1083,6;5344,39
2024-08-13;1262,0092;112,3693;161,0481;110,5;1083,69;5434,43
2024-08-14;1262,4345;112,386;161,1098;110,54;1084,0;5455,21
2024-08-16;1262,6457;112,4347;161,1428;110,57;1084,13;5554,25
2024-08-19;1262,8421;112,4518;161,1666;110,59;1084,26;5608,25
2024-08-20;1263,0226;112,4685;161,1921;110,6;1084,38;5597,12
2024-08-21;1263,1903;112,4852;161,211;110,62;1084,5;5620,85
2024-08-22;1263,6783;112,5008;161,2757;110,64;1084,82;5570,64
2024-08-23;1263,9095;112,5502;161,307;110,67;1084,95;5634,61
2024-08-26;1264,0717;112,5677;161,328;110,69;1085,08;5616,84
2024-08-27;1264,26;112,5845;161,3789;110,71;1085,18;5625,8
2024-08-28;1264,4577;112,5937445426051;161,4150877409065;110,73;1085,3;5592,18
2024-08-29;1264,9396;112,6173;161,4395;110,75;1085,62;5591,96
2024-08-30;1265,1715;112,6669;161,4697;110,78;1085,74;5648,4
2024-09-02;1265,3345;112,6844;161,498;110,82;1085,86;5648,4
2024-09-03;1265,5331;112,7009;161,5237;110,84;1085,98;5528,93
2024-09-04;1265,7009;112,7172;161,5476;110,85;1086,07;5520,07
2024-09-05;1266,1806;112,7333;161,6174;110,87;1086,37;5503,41
2024-09-06;1266,3888;112,7827;161,6442;110,9;1086,51;5408,42
2024-09-09;1266,5811;112,8006;161,6771;110,92;1086,63;5471,05
2024-09-10;1266,737;112,8169;161,7006;110,94;1086,75;5495,52
2024-09-11;1266,9371;112,8337;161,7194;110,96;1086,87;5554,13
2024-09-12;1267,4134;112,8514;161,7788;110,97;1087,2;5595,76
2024-09-13;1267,6161;112,9021;161,8101;111,0;1087,31;5626,02
2024-09-16;1267,8025;112,9195;161,8362;111,01;1087,44;5633,09
2024-09-17;1267,9688;112,9364;161,8669;111,03;1087,55;5634,58
2024-09-18;1268,1814;112,9544;161,8965;111,04;1087,65;5618,26
2024-09-19;1268,6751;112,9697;161,9569;111,06;1087,96;5713,64
2024-09-20;1268,9126;113,0192;161,9906;111,12;1088,13;5702,55
2024-09-23;1269,0932;113,0364;162,0232;111,13;1088,24;5718,57
2024-09-24;1269,2882;113,0535;162,0482;111,15;1088,37;5732,93
2024-09-25;1269,5759;113,0707;162,0713;111,1686606530394;1088,46;5722,26
2024-09-26;1270,1242;113,0889;162,149;111,22;1088,8;5745,37
2024-09-27;1270,3703;113,1457;162,2006;111,26;1088,9;5738,17
2024-09-30;1270,5372;113,1611;162,2226;111,27;1089,14;5762,48
2024-10-01;1270,6899;113,1765;162,2495;111,28;1089,17;5708,75
2024-10-02;1270,8547;113,1932;162,2663;111,3;1089,3;5709,54
2024-10-03;1271,3279;113,2087;162,3284;111,31;1089,62;5699,94
2024-10-04;1271,5108;113,2584;162,3399;111,35;1089,74;5751,07
2024-10-07;1271,6859;113,2759;162,3652;111,39;1089,84;5695,94
2024-10-08;1271,8664;113,2927;162,3882;111,41;1090,013141697431;5751,13
2024-10-09;1272,0446;113,2791941903632;162,4091648688741;111,4299112440678;1090,03;5792,04
2024-10-10;1272,5076;113,3235;162,4605;111,43;1090,39;5780,05
2024-10-11;1272,6651;113,3738;162,4918;111,46;1090,54;5815,03
2024-10-14;1272,8602;113,3906;162,511;111,48;1090,63;5859,85
2024-10-15;1273,0262;113,408;162,5395;111,5;1090,74;5815,26
2024-10-16;1273,1831;113,4257;162,5655;111,52;1090,84;5842,47
2024-10-17;1273,801;113,443;162,6249;111,54;1091,19;5841,47
2024-10-18;1274,005507586519;113,4964;162,6569;111,56;1091,33;5864,67
2024-10-21;1274,0933;113,5143;162,6823;111,58;1091,44;5853,98
2024-10-22;1274,2472;113,5319;162,7069;111,59;1091,55;5851,2
2024-10-23;1274,4239;113,5495;162,7365;111,61;1091,66;5797,42
2024-10-24;1274,8855;113,5635;162,8187;111,63;1091,93;5809,86
2024-10-25;1275,0903;113,5680443600871;162,8391044834801;111,66;1092,13;5808,12
2024-10-28;1275,2683;113,6305;162,8523;111,68;1092,24;5823,52
2024-10-29;1275,4695;113,6475;162,8898;111,7;1092,35;5832,92
2024-10-30;1275,6308;113,6646;162,915;111,72;1092,46;5813,67
2024-10-31;1276,0979;113,6814;162,9746;111,74;1092,81;5705,45
2024-11-04;1276,3075;113,7317;163,0128;111,77;1092,9;5712,69
2024-11-05;1276,4942;113,7493;163,0414;111,78;1093,01;5782,76
2024-11-06;1276,6728;113,7655;163,065;111,8;1093,14;5929,04
2024-11-07;1276,8742;113,7818;163,0897;111,82;1093,24;5973,1
2024-11-08;1277,3353;113,7983;163,1543;111,84;1093,6;5995,54
2024-11-11;1277,5776;113,8481;163,1875;111,88;1093,69;6001,35
2024-11-12;1277,7517;113,8657;163,2174;111,89;1093,81;5983,99
2024-11-13;1277,8763;113,8824;163,2448;111,9;1093,93;5985,38
2024-11-14;1278,0105;113,8995;163,2543;111,91;1094,07;5949,17
2024-11-15;1278,4922;113,9141;163,3425;111,95;1094,35;5870,62
2024-11-18;1278,7051;113,9606;163,3671;111,98;1094,47;5893,62
2024-11-19;1278,8528;113,9769;163,3987;111,99;1094,55;5916,98
2024-11-20;1279,0252;113,9926;163,413;112,01;1094,66;5917,11
2024-11-21;1279,1971;114,0081;163,4368;112,03;1094,81;5948,71
2024-11-22;1279,6574;114,0249;163,4952;112,05;1095,13;5969,34
2024-11-25;1279,8714;114,0695;163,5196;112,08;1095,23;5987,37
2024-11-26;1280,0519;114,0862;163,5426;112,09;1095,36;6021,63
2024-11-27;1280,2134;114,1019;163,577;112,11;1095,47;5998,74
2024-11-28;1280,3887;114,1175;163,5935;112,13;1095,6;5998,74
2024-11-29;1280,8808;114,1325;163,6597;112,15;1095,93;6032,38
2024-12-02;1281,0754;114,1782;163,678;112,17;1096,13;6047,15
2024-12-03;1281,2338;114,1942;163,6866;112,19;1096,21;6049,88
2024-12-04;1281,4151;114,209;163,7236;112,21;1096,29;6086,49
2024-12-05;1281,5888;114,2245;163,7536;112,22;1096,42;6075,11
2024-12-09;1282,0574;114,2385;163,8395;112,24;1096,69;6052,85
2024-12-10;1282,2674;114,2323524438266;163,8198670963785;112,28;1096,83;6034,91
2024-12-11;1282,4257;114,3005;163,86;112,29;1096,95;6084,19
2024-12-12;1282,6413;114,3162;163,8882;112,32;1097,05;6051,25
2024-12-13;1282,8211;114,3319;163,9143;112,35;1097,15;6051,09
2024-12-16;1283,2795;114,3474;163,9809;112,37;1097,41;6074,08
2024-12-17;1283,4728;114,3935;164,0092;112,4;1097,54;6050,61
2024-12-18;1283,6574;114,4096;164,027;112,41;1097,71;5872,16
2024-12-19;1283,8118;114,4238;164,0521;112,43;1097,81;5867,08
2024-12-20;1283,9864;114,4393;164,0751;112,45;1097,89;5930,85
2024-12-23;1284,4656;114,4603;164,1395;112,46;1098,16;5974,07
2024-12-24;1284,6459;114,507;164,1652;112,49;1098,28;6040,04
2024-12-26;1284,8279;114,5235;164,1854;112,51;1098,39;6037,59
2024-12-27;1285,007;114,5396;164,2086;112,52;1098,52;5970,84
2024-12-30;1285,1253;114,5555;164,222;112,52;1098,439165012373;5906,94
2024-12-31;1285,6083;114,586261519163;164,2479391589953;112,5028583250913;1098,94;5881,63
2025-01-02;1285,7998;114,6172;164,3175;112,57;1099,03;5868,55
2025-01-03;1285,9658;114,6332;164,3368;112,58;1099,13;5942,47
2025-01-07;1286,1301;114,6486;164,3547;112,6;1099,24;5909,03
2025-01-08;1286,3026;114,6643;164,3907;112,61;1099,3;5918,25
2025-01-09;1286,7883;114,68;164,477;112,63;1099,29861062782;5918,25
2025-01-10;1286,9644;114,7017308165255;164,4735950447351;112,66;1099,69;5827,04
2025-01-13;1287,1248;114,7401;164,5035;112,67;1099,8;5836,22
2025-01-14;1287,2743;114,7526;164,5273;112,69;1099,91;5842,91
2025-01-15;1287,4672;114,7677;164,5538;112,71;1100,03;5949,91
2025-01-16;1287,9104;114,784;164,6196;112,72;1100,27;5937,34
2025-01-17;1288,0995;114,826;164,638;112,76;1100,39;5996,66
2025-01-20;1288,2796;114,8418;164,6524;112,77;1100,53;5996,66
2025-01-21;1288,4268;114,8559;164,6756;112,79;1100,63;6049,24
2025-01-22;1288,6009;114,871;164,6998;112,8;1100,71;6086,37
2025-01-23;1289,0446;114,8856;164,7578;112,82;1100,96;6118,71
2025-01-24;1289,252;114,9282;164,7849;112,86;1100,99;6101,24
2025-01-27;1289,417;114,9434;164,8033;112,87;1101,24;6012,28
2025-01-28;1289,6124;114,9585;164,8411;112,89;1101,36;6067,7
2025-01-29;1289,7884;114,9676895688328;164,8597096472392;112,91;1101,45;6039,31
2025-01-30;1290,2103;114,987;164,8999;112,92;1101,73;6071,17
2025-01-31;1290,4072;115,0306;164,9296;112,95;1101,81;6040,53
2025-02-03;1290,5764;115,0463;164,9532;112,98;1101,9;5994,57
2025-02-04;1290,7455;115,0615;164,9737;113,0;1102,05;6037,88
2025-02-05;1290,9266;115,0759;164,9991;113,02;1102,17;6061,48
2025-02-06;1291,3615;115,0908;165,0555;113,03;1102,45;6083,57
2025-02-07;1291,5641;115,134;165,0899;113,06;1102,55;6025,99
2025-02-10;1291,7183;115,1493;165,1016;113,07;1102,67;6066,44
2025-02-11;1291,885;115,1638;165,1298;113,09;1102,76;6068,5
2025-02-12;1292,0602;115,1794;165,1582;113,11;1102,86;6051,97
2025-02-13;1292,5218;115,1906;165,221;113,12;1103,14;6115,07
2025-02-14;1292,7095;115,2335;165,2393;113,15;1103,28;6114,63
2025-02-17;1292,8334;115,2486;165,2456;113,15;1103,36;6114,63
2025-02-18;1292,9675;115,2631;165,2715;113,17;1103,45;6129,58
2025-02-19;1293,1766;115,2783;165,2958;113,19;1103,52;6144,15
2025-02-20;1293,6262;115,2926;165,3602;113,21;1103,79;6117,52
2025-02-21;1293,8091;115,334;165,3788;113,24;1103,89;6013,13
2025-02-24;1294,2694;115,3481;165,4339821389505;113,26;1103,93633805544;5983,25
2025-02-25;1294,7467;115,3901;165,4981;113,3;1104,41;5955,25
2025-02-26;1294,9665;115,4314;165,5262;113,35;1104,53;5956,06
2025-02-27;1295,2792;115,4457;165,5774;113,36;1104,515106978967;5861,57
2025-02-28;1295,505;115,4743;165,5957;113,3778923697222;1104,81;5954,5
2025-03-03;1295,9527;115,4877;165,6621;113,41;1105,1;5849,72
2025-03-04;1296,1588;115,5288;165,6862;113,44;1105,22;5778,15
2025-03-05;1296,3257;115,5424;165,708;113,46;1105,33;5842,63
2025-03-06;1296,432;115,5559;165,7266;113,46;1105,4;5738,52
2025-03-07;1296,6342;115,5692;165,7699785006875;113,48;1105,5;5770,2
2025-03-10;1296,9275;115,5842;165,8097;113,5;1105,76;5614,56
2025-03-11;1297,267;115,6253;165,8055;113,53;1105,88;5572,07
2025-03-12;1297,431;115,6397;165,8275;113,53;1105,95;5599,3
2025-03-13;1297,6471;115,6535;165,8444;113,56;1106,06;5521,52
2025-03-14;1297,8714;115,6672;165,8701;113,59;1106,13;5638,94
2025-03-17;1298,364;115,6857;165,9551;113,61;1106,41;5675,12
2025-03-18;1298,5494;115,6948854215628;165,9621613426902;113,64;1106,52;5614,66
2025-03-19;1298,7206;115,739;165,9675;113,66;1106,62;5675,29
2025-03-20;1298,9071;115,7523;165,9874;113,67;1106,72;5662,89
2025-03-21;1299,0805;115,7668;166,0063;113,69;1106,82;5667,56
2025-03-24;1299,5104;115,7808;166,065;113,72;1107,09;5767,57
2025-03-25;1299,7312;115,8218;166,0866;113,75;1107,22;5776,65
2025-03-26;1299,9231;115,8361;166,1104;113,76;1107,31;5712,2
2025-03-27;1300,0848;115,8501;166,1406;113,78;1107,4;5693,31
2025-03-28;1300,2792;115,8635;166,162;113,8;1107,5;5580,94
2025-03-31;1300,6892;115,8791;166,2173;113,82;1107,73;5611,85
2025-04-01;1300,9176;115,9195;166,2394;113,86;1107,85;5633,07
2025-04-02;1301,1023;115,9336;166,2588;113,87;1107,94;5670,97
2025-04-03;1301,2912;115,9478;166,2756;113,89;1108,05;5396,52
2025-04-04;1301,543;115,9621;166,294;113,91;1108,16;5074,08
2025-04-07;1301,9197;115,9764;166,3542;113,92;1108,38;5062,25
2025-04-08;1302,1222;116,0155;166,3725;113,96;1108,49;4982,77
2025-04-09;1302,2711;116,0293;166,3936;114,0;1108,57;5456,9
2025-04-10;1302,4239;116,0416;166,4116;114,02;1108,68;5268,05
2025-04-11;1302,5913;116,0555;166,4265;114,04;1108,78;5363,36
2025-04-14;1303,0091;116,071;166,5007;114,05;1108,98;5405,97
2025-04-15;1303,1925;116,083675464092;166,5301372640304;114,09;1109,11;5396,63
2025-04-16;1303,3586;116,125;166,5132;114,1;1109,2;5275,7
2025-04-17;1303,4917;116,1385;166,5309;114,11;1109,29;5282,7
2025-04-21;1303,6601;116,1531;166,558;114,12;1109,4;5158,2
2025-04-22;1304,0784;116,1663;166,6129;114,14;1109,62;5287,76
2025-04-23;1304,2622;116,2067;166,6406;114,18;1109,72;5375,86
2025-04-24;1304,4382;116,2203;166,6612;114,19;1109,8;5484,77
2025-04-25;1304,5777;116,2339;166,6841;114,2;1109,89;5525,21
2025-04-28;1304,7613;116,2485;166,6948;114,22;1109,98;5528,75
2025-04-29;1305,1845;116,262;166,754;114,23;1110,22;5560,83
2025-04-30;1305,3711;116,3018;166,7805;114,26;1110,33;5569,06
2025-05-02;1305,5494;116,3178;166,8018;114,27;1110,44;5686,67
2025-05-05;1305,6992;116,3311;166,8195;114,28;1110,5;5686,67
